-- phpMyAdmin SQL Dump
-- version 5.1.1
-- https://www.phpmyadmin.net/
--
-- Host: 127.0.0.1
-- Generation Time: Aug 22, 2022 at 03:24 PM
-- Server version: 10.4.22-MariaDB
-- PHP Version: 8.1.1

SET SQL_MODE = "NO_AUTO_VALUE_ON_ZERO";
START TRANSACTION;
SET time_zone = "+00:00";


/*!40101 SET @OLD_CHARACTER_SET_CLIENT=@@CHARACTER_SET_CLIENT */;
/*!40101 SET @OLD_CHARACTER_SET_RESULTS=@@CHARACTER_SET_RESULTS */;
/*!40101 SET @OLD_COLLATION_CONNECTION=@@COLLATION_CONNECTION */;
/*!40101 SET NAMES utf8mb4 */;

--
-- Database: `ecommerce`
--

-- --------------------------------------------------------

--
-- Table structure for table `tbl_advertisement`
--

CREATE TABLE `tbl_advertisement` (
  `adv_id` int(11) NOT NULL,
  `adv_location` varchar(255) COLLATE utf8_unicode_ci NOT NULL,
  `adv_type` varchar(100) COLLATE utf8_unicode_ci NOT NULL,
  `adv_photo` varchar(255) COLLATE utf8_unicode_ci NOT NULL,
  `adv_url` varchar(255) COLLATE utf8_unicode_ci NOT NULL,
  `adv_adsense_code` mediumtext COLLATE utf8_unicode_ci NOT NULL
) ENGINE=InnoDB DEFAULT CHARSET=utf8 COLLATE=utf8_unicode_ci;

--
-- Dumping data for table `tbl_advertisement`
--

INSERT INTO `tbl_advertisement` (`adv_id`, `adv_location`, `adv_type`, `adv_photo`, `adv_url`, `adv_adsense_code`) VALUES
(1, 'Above Welcome Section', 'Image Advertisement', 'ad-1.png', '', ''),
(2, 'Above Featured Product', 'Image Advertisement', 'ad-2.png', '', ''),
(3, 'Above Latest Product', 'Image Advertisement', 'ad-3.png', '', ''),
(4, 'Above Popular Product', 'Image Advertisement', 'ad-4.png', '', ''),
(5, 'Above Testimonial Section', 'Image Advertisement', 'ad-5.png', '', ''),
(6, 'Category Page Sidebar', 'Image Advertisement', 'ad-6.png', '', '');

-- --------------------------------------------------------

--
-- Table structure for table `tbl_category`
--

CREATE TABLE `tbl_category` (
  `category_id` int(11) NOT NULL,
  `category_name` varchar(255) COLLATE utf8_unicode_ci NOT NULL,
  `category_slug` varchar(255) COLLATE utf8_unicode_ci NOT NULL,
  `meta_title` varchar(255) COLLATE utf8_unicode_ci NOT NULL,
  `meta_keyword` mediumtext COLLATE utf8_unicode_ci NOT NULL,
  `meta_description` mediumtext COLLATE utf8_unicode_ci NOT NULL
) ENGINE=InnoDB DEFAULT CHARSET=utf8 COLLATE=utf8_unicode_ci;

--
-- Dumping data for table `tbl_category`
--

INSERT INTO `tbl_category` (`category_id`, `category_name`, `category_slug`, `meta_title`, `meta_keyword`, `meta_description`) VALUES
(1, 'Commercial', 'commercial', 'Commercial', '', ''),
(2, 'Residential', 'residential', 'Residential', '', ''),
(3, 'Economy', 'economy', 'Economy', '', ''),
(4, 'Tools and Equipment', 'tools-and-equipment', 'Tools and Equipment', '', '');

-- --------------------------------------------------------

--
-- Table structure for table `tbl_color`
--

CREATE TABLE `tbl_color` (
  `color_id` int(11) NOT NULL,
  `color_name` varchar(255) COLLATE utf8_unicode_ci NOT NULL
) ENGINE=InnoDB DEFAULT CHARSET=utf8 COLLATE=utf8_unicode_ci;

--
-- Dumping data for table `tbl_color`
--

INSERT INTO `tbl_color` (`color_id`, `color_name`) VALUES
(1, 'Red'),
(2, 'Black'),
(3, 'Blue'),
(4, 'Yellow'),
(5, 'Green'),
(6, 'White'),
(7, 'Orange'),
(8, 'Brown'),
(9, 'Tan'),
(10, 'Pink'),
(11, 'Mixed'),
(12, 'Lightblue'),
(13, 'Violet'),
(14, 'Light Purple'),
(15, 'Salmon'),
(16, 'Gold'),
(17, 'Gray'),
(18, 'Ash'),
(19, 'Maroon'),
(20, 'Silver');

-- --------------------------------------------------------

--
-- Table structure for table `tbl_country`
--

CREATE TABLE `tbl_country` (
  `country_id` int(11) NOT NULL,
  `country_name` varchar(100) COLLATE utf8_unicode_ci NOT NULL DEFAULT ''
) ENGINE=MyISAM DEFAULT CHARSET=utf8 COLLATE=utf8_unicode_ci;

--
-- Dumping data for table `tbl_country`
--

INSERT INTO `tbl_country` (`country_id`, `country_name`) VALUES
(1, 'Afghanistan'),
(2, 'Albania'),
(3, 'Algeria'),
(4, 'American Samoa'),
(5, 'Andorra'),
(6, 'Angola'),
(7, 'Anguilla'),
(8, 'Antarctica'),
(9, 'Antigua and Barbuda'),
(10, 'Argentina'),
(11, 'Armenia'),
(12, 'Aruba'),
(13, 'Australia'),
(14, 'Austria'),
(15, 'Azerbaijan'),
(16, 'Bahamas'),
(17, 'Bahrain'),
(18, 'Bangladesh'),
(19, 'Barbados'),
(20, 'Belarus'),
(21, 'Belgium'),
(22, 'Belize'),
(23, 'Benin'),
(24, 'Bermuda'),
(25, 'Bhutan'),
(26, 'Bolivia'),
(27, 'Bosnia and Herzegovina'),
(28, 'Botswana'),
(29, 'Bouvet Island'),
(30, 'Brazil'),
(31, 'British Indian Ocean Territory'),
(32, 'Brunei Darussalam'),
(33, 'Bulgaria'),
(34, 'Burkina Faso'),
(35, 'Burundi'),
(36, 'Cambodia'),
(37, 'Cameroon'),
(38, 'Canada'),
(39, 'Cape Verde'),
(40, 'Cayman Islands'),
(41, 'Central African Republic'),
(42, 'Chad'),
(43, 'Chile'),
(44, 'China'),
(45, 'Christmas Island'),
(46, 'Cocos (Keeling) Islands'),
(47, 'Colombia'),
(48, 'Comoros'),
(49, 'Congo'),
(50, 'Cook Islands'),
(51, 'Costa Rica'),
(52, 'Croatia (Hrvatska)'),
(53, 'Cuba'),
(54, 'Cyprus'),
(55, 'Czech Republic'),
(56, 'Denmark'),
(57, 'Djibouti'),
(58, 'Dominica'),
(59, 'Dominican Republic'),
(60, 'East Timor'),
(61, 'Ecuador'),
(62, 'Egypt'),
(63, 'El Salvador'),
(64, 'Equatorial Guinea'),
(65, 'Eritrea'),
(66, 'Estonia'),
(67, 'Ethiopia'),
(68, 'Falkland Islands (Malvinas)'),
(69, 'Faroe Islands'),
(70, 'Fiji'),
(71, 'Finland'),
(72, 'France'),
(73, 'France, Metropolitan'),
(74, 'French Guiana'),
(75, 'French Polynesia'),
(76, 'French Southern Territories'),
(77, 'Gabon'),
(78, 'Gambia'),
(79, 'Georgia'),
(80, 'Germany'),
(81, 'Ghana'),
(82, 'Gibraltar'),
(83, 'Guernsey'),
(84, 'Greece'),
(85, 'Greenland'),
(86, 'Grenada'),
(87, 'Guadeloupe'),
(88, 'Guam'),
(89, 'Guatemala'),
(90, 'Guinea'),
(91, 'Guinea-Bissau'),
(92, 'Guyana'),
(93, 'Haiti'),
(94, 'Heard and Mc Donald Islands'),
(95, 'Honduras'),
(96, 'Hong Kong'),
(97, 'Hungary'),
(98, 'Iceland'),
(99, 'India'),
(100, 'Isle of Man'),
(101, 'Indonesia'),
(102, 'Iran (Islamic Republic of)'),
(103, 'Iraq'),
(104, 'Ireland'),
(105, 'Israel'),
(106, 'Italy'),
(107, 'Ivory Coast'),
(108, 'Jersey'),
(109, 'Jamaica'),
(110, 'Japan'),
(111, 'Jordan'),
(112, 'Kazakhstan'),
(113, 'Kenya'),
(114, 'Kiribati'),
(115, 'Korea, Democratic People\'s Republic of'),
(116, 'Korea, Republic of'),
(117, 'Kosovo'),
(118, 'Kuwait'),
(119, 'Kyrgyzstan'),
(120, 'Lao People\'s Democratic Republic'),
(121, 'Latvia'),
(122, 'Lebanon'),
(123, 'Lesotho'),
(124, 'Liberia'),
(125, 'Libyan Arab Jamahiriya'),
(126, 'Liechtenstein'),
(127, 'Lithuania'),
(128, 'Luxembourg'),
(129, 'Macau'),
(130, 'Macedonia'),
(131, 'Madagascar'),
(132, 'Malawi'),
(133, 'Malaysia'),
(134, 'Maldives'),
(135, 'Mali'),
(136, 'Malta'),
(137, 'Marshall Islands'),
(138, 'Martinique'),
(139, 'Mauritania'),
(140, 'Mauritius'),
(141, 'Mayotte'),
(142, 'Mexico'),
(143, 'Micronesia, Federated States of'),
(144, 'Moldova, Republic of'),
(145, 'Monaco'),
(146, 'Mongolia'),
(147, 'Montenegro'),
(148, 'Montserrat'),
(149, 'Morocco'),
(150, 'Mozambique'),
(151, 'Myanmar'),
(152, 'Namibia'),
(153, 'Nauru'),
(154, 'Nepal'),
(155, 'Netherlands'),
(156, 'Netherlands Antilles'),
(157, 'New Caledonia'),
(158, 'New Zealand'),
(159, 'Nicaragua'),
(160, 'Niger'),
(161, 'Nigeria'),
(162, 'Niue'),
(163, 'Norfolk Island'),
(164, 'Northern Mariana Islands'),
(165, 'Norway'),
(166, 'Oman'),
(167, 'Pakistan'),
(168, 'Palau'),
(169, 'Palestine'),
(170, 'Panama'),
(171, 'Papua New Guinea'),
(172, 'Paraguay'),
(173, 'Peru'),
(174, 'Philippines'),
(175, 'Pitcairn'),
(176, 'Poland'),
(177, 'Portugal'),
(178, 'Puerto Rico'),
(179, 'Qatar'),
(180, 'Reunion'),
(181, 'Romania'),
(182, 'Russian Federation'),
(183, 'Rwanda'),
(184, 'Saint Kitts and Nevis'),
(185, 'Saint Lucia'),
(186, 'Saint Vincent and the Grenadines'),
(187, 'Samoa'),
(188, 'San Marino'),
(189, 'Sao Tome and Principe'),
(190, 'Saudi Arabia'),
(191, 'Senegal'),
(192, 'Serbia'),
(193, 'Seychelles'),
(194, 'Sierra Leone'),
(195, 'Singapore'),
(196, 'Slovakia'),
(197, 'Slovenia'),
(198, 'Solomon Islands'),
(199, 'Somalia'),
(200, 'South Africa'),
(201, 'South Georgia South Sandwich Islands'),
(202, 'Spain'),
(203, 'Sri Lanka'),
(204, 'St. Helena'),
(205, 'St. Pierre and Miquelon'),
(206, 'Sudan'),
(207, 'Suriname'),
(208, 'Svalbard and Jan Mayen Islands'),
(209, 'Swaziland'),
(210, 'Sweden'),
(211, 'Switzerland'),
(212, 'Syrian Arab Republic'),
(213, 'Taiwan'),
(214, 'Tajikistan'),
(215, 'Tanzania, United Republic of'),
(216, 'Thailand'),
(217, 'Togo'),
(218, 'Tokelau'),
(219, 'Tonga'),
(220, 'Trinidad and Tobago'),
(221, 'Tunisia'),
(222, 'Turkey'),
(223, 'Turkmenistan'),
(224, 'Turks and Caicos Islands'),
(225, 'Tuvalu'),
(226, 'Uganda'),
(227, 'Ukraine'),
(228, 'United Arab Emirates'),
(229, 'United Kingdom'),
(230, 'United States'),
(231, 'United States minor outlying islands'),
(232, 'Uruguay'),
(233, 'Uzbekistan'),
(234, 'Vanuatu'),
(235, 'Vatican City State'),
(236, 'Venezuela'),
(237, 'Vietnam'),
(238, 'Virgin Islands (British)'),
(239, 'Virgin Islands (U.S.)'),
(240, 'Wallis and Futuna Islands'),
(241, 'Western Sahara'),
(242, 'Yemen'),
(243, 'Zaire'),
(244, 'Zambia'),
(245, 'Zimbabwe');

-- --------------------------------------------------------

--
-- Table structure for table `tbl_customer`
--

CREATE TABLE `tbl_customer` (
  `cust_id` int(11) NOT NULL,
  `cust_name` varchar(100) COLLATE utf8_unicode_ci NOT NULL,
  `cust_cname` varchar(100) COLLATE utf8_unicode_ci NOT NULL,
  `cust_email` varchar(100) COLLATE utf8_unicode_ci NOT NULL,
  `cust_phone` varchar(50) COLLATE utf8_unicode_ci NOT NULL,
  `cust_country` int(11) NOT NULL,
  `cust_address` mediumtext COLLATE utf8_unicode_ci NOT NULL,
  `cust_city` varchar(100) COLLATE utf8_unicode_ci NOT NULL,
  `cust_state` varchar(100) COLLATE utf8_unicode_ci NOT NULL,
  `cust_zip` varchar(30) COLLATE utf8_unicode_ci NOT NULL,
  `cust_b_name` varchar(100) COLLATE utf8_unicode_ci NOT NULL,
  `cust_b_cname` varchar(100) COLLATE utf8_unicode_ci NOT NULL,
  `cust_b_phone` varchar(50) COLLATE utf8_unicode_ci NOT NULL,
  `cust_b_country` int(11) NOT NULL,
  `cust_b_address` mediumtext COLLATE utf8_unicode_ci NOT NULL,
  `cust_b_city` varchar(100) COLLATE utf8_unicode_ci NOT NULL,
  `cust_b_state` varchar(100) COLLATE utf8_unicode_ci NOT NULL,
  `cust_b_zip` varchar(30) COLLATE utf8_unicode_ci NOT NULL,
  `cust_s_name` varchar(100) COLLATE utf8_unicode_ci NOT NULL,
  `cust_s_cname` varchar(100) COLLATE utf8_unicode_ci NOT NULL,
  `cust_s_phone` varchar(50) COLLATE utf8_unicode_ci NOT NULL,
  `cust_s_country` int(11) NOT NULL,
  `cust_s_address` mediumtext COLLATE utf8_unicode_ci NOT NULL,
  `cust_s_city` varchar(100) COLLATE utf8_unicode_ci NOT NULL,
  `cust_s_state` varchar(100) COLLATE utf8_unicode_ci NOT NULL,
  `cust_s_zip` varchar(30) COLLATE utf8_unicode_ci NOT NULL,
  `cust_shipping_billing_same` int(11) NOT NULL,
  `cust_password` varchar(100) COLLATE utf8_unicode_ci NOT NULL,
  `cust_token` varchar(255) COLLATE utf8_unicode_ci NOT NULL,
  `cust_datetime` varchar(100) COLLATE utf8_unicode_ci NOT NULL,
  `cust_timestamp` varchar(100) COLLATE utf8_unicode_ci NOT NULL,
  `cust_status` int(1) NOT NULL
) ENGINE=InnoDB DEFAULT CHARSET=utf8 COLLATE=utf8_unicode_ci;

--
-- Dumping data for table `tbl_customer`
--

INSERT INTO `tbl_customer` (`cust_id`, `cust_name`, `cust_cname`, `cust_email`, `cust_phone`, `cust_country`, `cust_address`, `cust_city`, `cust_state`, `cust_zip`, `cust_b_name`, `cust_b_cname`, `cust_b_phone`, `cust_b_country`, `cust_b_address`, `cust_b_city`, `cust_b_state`, `cust_b_zip`, `cust_s_name`, `cust_s_cname`, `cust_s_phone`, `cust_s_country`, `cust_s_address`, `cust_s_city`, `cust_s_state`, `cust_s_zip`, `cust_shipping_billing_same`, `cust_password`, `cust_token`, `cust_datetime`, `cust_timestamp`, `cust_status`) VALUES
(1, 'John Doe', 'ABC', 'customer@gmail.com', '123-123-1233', 230, 'Test Address', 'Test City', 'N/A', '123456', 'John Doe', 'ABC', '123-123-1234', 18, 'Test Address', 'Test City', 'N/A', '123456', 'John Doe', 'ABC', '123-123-1234', 230, 'Test Address', 'Test City', 'N/A', '123456', 0, '81dc9bdb52d04dc20036dbd8313ed055', '', '2018-01-17 09:40:25', '', 1),
(2, 'Peter Smith', 'DEF', 'customer2@gmail.com', '123-123-1234', 230, 'Test Address', 'Test City', 'N/A', '123456', '', '', '', 0, '', '', '', '', '', '', '', 0, '', '', '', '', 0, '81dc9bdb52d04dc20036dbd8313ed055', '', '2018-01-17 07:11:12', '1516194672', 1),
(3, 'Robert Bent', 'XYZ', 'customer3@gmail.com', '123-123-1235', 230, 'Test Address', 'Test City', 'N/A', '123456', 'Robert Bent', 'XYZ', '123-123-1234', 18, 'Test Address', 'Test City', 'N/A', '123456', 'Robert Bent', 'XYZ', '123-123-1234', 230, 'Test Address', 'Test City', 'N/A', '123456', 0, '1c0cf8531727fc9b407e5b40ec203338', '', '2018-02-06 11:44:27', '1517895867', 1),
(9, 'David Beckham', '', 'david@gmail.com', '111-222-3232', 230, 'CBN Street', 'NYC', 'NYC', '12022', '', '', '', 0, '', '', '', '', '', '', '', 0, '', '', '', '', 0, '81dc9bdb52d04dc20036dbd8313ed055', '', '2022-08-22 07:20:52', '1661174452', 1);

-- --------------------------------------------------------

--
-- Table structure for table `tbl_customer_message`
--

CREATE TABLE `tbl_customer_message` (
  `customer_message_id` int(11) NOT NULL,
  `subject` varchar(255) COLLATE utf8_unicode_ci NOT NULL,
  `message` mediumtext COLLATE utf8_unicode_ci NOT NULL,
  `order_detail` mediumtext COLLATE utf8_unicode_ci NOT NULL,
  `cust_id` int(11) NOT NULL
) ENGINE=MyISAM DEFAULT CHARSET=utf8 COLLATE=utf8_unicode_ci;

-- --------------------------------------------------------

--
-- Table structure for table `tbl_end_category`
--

CREATE TABLE `tbl_end_category` (
  `ecat_id` int(11) NOT NULL,
  `ecat_name` varchar(255) COLLATE utf8_unicode_ci NOT NULL,
  `mcat_id` int(11) NOT NULL
) ENGINE=InnoDB DEFAULT CHARSET=utf8 COLLATE=utf8_unicode_ci;

--
-- Dumping data for table `tbl_end_category`
--

INSERT INTO `tbl_end_category` (`ecat_id`, `ecat_name`, `mcat_id`) VALUES
(1, 'T-Shirt', 1),
(2, 'Pants', 1),
(3, 'Jeans', 1),
(4, 'Sandals', 2),
(5, 'Boots', 2),
(6, 'Tops', 3),
(7, 'T-Shirt', 3),
(8, 'Necklaces', 4),
(9, 'Rings', 4),
(11, 'Sports Shoes', 2),
(12, 'Flats & Sandals', 6),
(13, 'Heels', 6),
(14, 'Hoodies', 7),
(15, 'Coats & Jackets', 7),
(16, 'Gloves', 8),
(17, 'Coats & Jackets', 8),
(18, 'Digital Watches', 9),
(19, 'Smart Watches', 9);

-- --------------------------------------------------------

--
-- Table structure for table `tbl_faq`
--

CREATE TABLE `tbl_faq` (
  `faq_id` int(11) NOT NULL,
  `faq_title` varchar(255) COLLATE utf8_unicode_ci NOT NULL,
  `faq_content` mediumtext COLLATE utf8_unicode_ci NOT NULL
) ENGINE=InnoDB DEFAULT CHARSET=utf8 COLLATE=utf8_unicode_ci;

--
-- Dumping data for table `tbl_faq`
--

INSERT INTO `tbl_faq` (`faq_id`, `faq_title`, `faq_content`) VALUES
(1, 'Lorem ipsum dolor sit amet an labores?', '<p>Explicari qui, eu nostrum copiosae argumentum has. Latine propriae quo no, unum ridens expetenda id sit, at usu eius eligendi singulis. Sea ocurreret principes ne. At nonumy aperiri pri, nam quodsi copiosae intellegebat et, ex deserunt euripidis usu. Per ad ullum lobortis. Duo volutpat imperdiet ut, postea salutatus imperdiet ut per, ad utinam debitis invenire has.</p>\r\n\r\n<p>Liber utroque vim an, ne his brute vivendo, est fabulas consetetur appellantur an. In dolore legendos quo, ne ferri noluisse sed. Tantas eligendi at ius. Purto ipsum nemore sit ad.</p><div align=\"left\"><br></div>\r\n'),
(2, 'Vix tale noluisse voluptua ad ne brute?', '<p>Altera democritum cum. Omnes ornatus qui et, te aeterno discere ocurreret sea. Tollit cetero cu usu, etiam evertitur id nec. Id pro unum pertinax oportere, vel ad ridens mollis. Ad ius meis suavitate voluptaria.</p>\r\n'),
(3, 'Mei ut errem legimus periculis, eos liber epicurei?', '<p>Necessitatibus eu, facilisi postulant vel no. Ad mea commune disputando, cu vel choro exerci. Pri et oratio iisque atomorum, enim detracto mei ne, id eos soleat iudicabit. Ne reque reformidans mei, rebum delicata consequuntur an sit. Sea ad audire utamur. Ut mei ridens minimum intellegat, perpetua euripidis te qui, ad consul intellegebat comprehensam eum.</p>\r\n\r\n<p>Ex vix alienum sadipscing, quod melius philosophia id has. Ad qui quem reprimique, quo possit detracto reprimique no, sint reque officiis ei per. Ea regione commune volutpat pro, fabulas facilis omnesque mei ne. Cu unum detracto comprehensam sea, ad vim ancillae principes, ex usu fugit consulatu. Vis te purto equidem voluptatum.</p>\r\n'),
(4, 'Detracto contentiones te est, brute ipsum?', '<p>Mea ei regione blandit ullamcorper, definiebas constituam vix ei. At his ludus nonumes gloriatur. Ne vim tamquam nonumes.</p>\r\n\r\n<p>Duo purto pertinax in. Ea noluisse mediocrem qui, nobis melius vis et. Iudico delicatissimi no qui, quando fastidii nam et, ne eum rationibus deseruisse neglegentur. Ei eum populo viderer reprimique, tantas homero abhorreant usu ei, at postulant gloriatur vituperata sit.</p>\r\n');

-- --------------------------------------------------------

--
-- Table structure for table `tbl_file`
--

CREATE TABLE `tbl_file` (
  `file_id` int(11) NOT NULL,
  `file_title` varchar(255) COLLATE utf8_unicode_ci NOT NULL,
  `file_name` varchar(255) COLLATE utf8_unicode_ci NOT NULL
) ENGINE=InnoDB DEFAULT CHARSET=utf8 COLLATE=utf8_unicode_ci;

--
-- Dumping data for table `tbl_file`
--

INSERT INTO `tbl_file` (`file_id`, `file_title`, `file_name`) VALUES
(1, 'Sample 1', 'file-1.jpg'),
(2, 'Sample 2', 'file-2.docx'),
(3, 'Sample 3', 'file-3.pdf');

-- --------------------------------------------------------

--
-- Table structure for table `tbl_language`
--

CREATE TABLE `tbl_language` (
  `lang_id` int(11) NOT NULL,
  `lang_name` varchar(255) COLLATE utf8_unicode_ci NOT NULL,
  `lang_value` mediumtext COLLATE utf8_unicode_ci NOT NULL
) ENGINE=MyISAM DEFAULT CHARSET=utf8 COLLATE=utf8_unicode_ci;

--
-- Dumping data for table `tbl_language`
--

INSERT INTO `tbl_language` (`lang_id`, `lang_name`, `lang_value`) VALUES
(1, 'SHIPPING_STATUS', 'Shipping Status'),
(2, 'SEARCH_PRODUCT', 'Search Product'),
(3, 'SEARCH', 'Search'),
(4, 'SUBMIT', 'Submit'),
(5, 'UPDATE', 'Update'),
(6, 'READ_MORE', 'Read More'),
(7, 'SERIAL', 'Serial'),
(8, 'PHOTO', 'Photo'),
(9, 'LOGIN', 'Login'),
(10, 'CUSTOMER_LOGIN', 'Customer Login'),
(11, 'CLICK_HERE_TO_LOGIN', 'Click here to login'),
(12, 'BACK_TO_LOGIN_PAGE', 'Back to Login Page'),
(13, 'LOGGED_IN_AS', 'Logged in as'),
(14, 'LOGOUT', 'Logout'),
(15, 'REGISTER', 'Register'),
(16, 'CUSTOMER_REGISTRATION', 'Customer Registration'),
(17, 'REGISTRATION_SUCCESSFUL', 'Registration Successful'),
(18, 'CART', 'Cart'),
(19, 'VIEW_CART', 'View Cart'),
(20, 'UPDATE_CART', 'Update Cart'),
(21, 'BACK_TO_CART', 'Back to Cart'),
(22, 'CHECKOUT', 'Checkout'),
(23, 'PROCEED_TO_CHECKOUT', 'Proceed to Checkout'),
(24, 'ORDERS', 'Orders'),
(25, 'ORDER_HISTORY', 'Order History'),
(26, 'ORDER_DETAILS', 'Order Details'),
(27, 'PAYMENT_DATE_AND_TIME', 'Payment Date and Time'),
(28, 'TRANSACTION_ID', 'Transaction ID'),
(29, 'PAID_AMOUNT', 'Paid Amount'),
(30, 'PAYMENT_STATUS', 'Payment Status'),
(31, 'PAYMENT_METHOD', 'Payment Method'),
(32, 'PAYMENT_ID', 'Payment ID'),
(33, 'PAYMENT_SECTION', 'Payment Section'),
(34, 'SELECT_PAYMENT_METHOD', 'Select Payment Method'),
(35, 'SELECT_A_METHOD', 'Select a Method'),
(36, 'PAYPAL', 'PayPal'),
(37, 'STRIPE', 'Stripe'),
(38, 'BANK_DEPOSIT', 'Bank Deposit'),
(39, 'CARD_NUMBER', 'Card Number'),
(40, 'CVV', 'CVV'),
(41, 'MONTH', 'Month'),
(42, 'YEAR', 'Year'),
(43, 'SEND_TO_THIS_DETAILS', 'Send to this Details'),
(44, 'TRANSACTION_INFORMATION', 'Transaction Information'),
(45, 'INCLUDE_TXN_ID_AND_OTHER_INFORMATION_CORRECTLY', 'Include transaction id and other information correctly'),
(46, 'PAY_NOW', 'Pay Now'),
(47, 'PRODUCT_NAME', 'Product Name'),
(48, 'PRODUCT_DETAILS', 'Product Details'),
(49, 'CATEGORIES', 'Categories'),
(50, 'CATEGORY_COLON', 'Category:'),
(51, 'ALL_PRODUCTS_UNDER', 'All Products Under'),
(52, 'SELECT_SIZE', 'Select Size'),
(53, 'SELECT_COLOR', 'Select Color'),
(54, 'PRODUCT_PRICE', 'Product Price'),
(55, 'QUANTITY', 'Quantity'),
(56, 'OUT_OF_STOCK', 'Out of Stock'),
(57, 'SHARE_THIS', 'Share This'),
(58, 'SHARE_THIS_PRODUCT', 'Share This Product'),
(59, 'PRODUCT_DESCRIPTION', 'Product Description'),
(60, 'FEATURES', 'Features'),
(61, 'CONDITIONS', 'Conditions'),
(62, 'RETURN_POLICY', 'Return Policy'),
(63, 'REVIEWS', 'Reviews'),
(64, 'REVIEW', 'Review'),
(65, 'GIVE_A_REVIEW', 'Give a Review'),
(66, 'WRITE_YOUR_COMMENT_OPTIONAL', 'Write your comment (Optional)'),
(67, 'SUBMIT_REVIEW', 'Submit Review'),
(68, 'YOU_ALREADY_HAVE_GIVEN_A_RATING', 'You already have given a rating!'),
(69, 'YOU_MUST_HAVE_TO_LOGIN_TO_GIVE_A_REVIEW', 'You must have to login to give a review'),
(70, 'NO_DESCRIPTION_FOUND', 'No description found'),
(71, 'NO_FEATURE_FOUND', 'No feature found'),
(72, 'NO_CONDITION_FOUND', 'No condition found'),
(73, 'NO_RETURN_POLICY_FOUND', 'No return policy found'),
(74, 'NO_REVIEW_FOUND', 'No Review is Found'),
(75, 'CUSTOMER_NAME', 'Customer Name'),
(76, 'COMMENT', 'Comment'),
(77, 'COMMENTS', 'Comments'),
(78, 'RATING', 'Rating'),
(79, 'PREVIOUS', 'Previous'),
(80, 'NEXT', 'Next'),
(81, 'SUBTOTAL', 'Sub Total'),
(82, 'TOTAL', 'Total'),
(83, 'ACTION', 'Action'),
(84, 'SHIPPING_COST', 'Shipping Cost'),
(85, 'CONTINUE_SHOPPING', 'Continue Shopping'),
(86, 'UPDATE_BILLING_ADDRESS', 'Update Billing Address'),
(87, 'UPDATE_SHIPPING_ADDRESS', 'Update Shipping Address'),
(88, 'UPDATE_BILLING_AND_SHIPPING_INFO', 'Update Billing and Shipping Info'),
(89, 'DASHBOARD', 'Dashboard'),
(90, 'WELCOME_TO_THE_DASHBOARD', 'Welcome to the Dashboard'),
(91, 'BACK_TO_DASHBOARD', 'Back to Dashboard'),
(92, 'SUBSCRIBE', 'Subscribe'),
(93, 'SUBSCRIBE_TO_OUR_NEWSLETTER', 'Subscribe To Our Newsletter'),
(94, 'EMAIL_ADDRESS', 'Email Address'),
(95, 'ENTER_YOUR_EMAIL_ADDRESS', 'Enter Your Email Address'),
(96, 'PASSWORD', 'Password'),
(97, 'FORGET_PASSWORD', 'Forget Password'),
(98, 'RETYPE_PASSWORD', 'Retype Password'),
(99, 'UPDATE_PASSWORD', 'Update Password'),
(100, 'NEW_PASSWORD', 'New Password'),
(101, 'RETYPE_NEW_PASSWORD', 'Retype New Password'),
(102, 'FULL_NAME', 'Full Name'),
(103, 'COMPANY_NAME', 'Company Name'),
(104, 'PHONE_NUMBER', 'Phone Number'),
(105, 'ADDRESS', 'Address'),
(106, 'COUNTRY', 'Country'),
(107, 'CITY', 'City'),
(108, 'STATE', 'State'),
(109, 'ZIP_CODE', 'Zip Code'),
(110, 'ABOUT_US', 'About Us'),
(111, 'FEATURED_POSTS', 'Featured Posts'),
(112, 'POPULAR_POSTS', 'Popular Posts'),
(113, 'RECENT_POSTS', 'Recent Posts'),
(114, 'CONTACT_INFORMATION', 'Contact Information'),
(115, 'CONTACT_FORM', 'Contact Form'),
(116, 'OUR_OFFICE', 'Our Office'),
(117, 'UPDATE_PROFILE', 'Update Profile'),
(118, 'SEND_MESSAGE', 'Send Message'),
(119, 'MESSAGE', 'Message'),
(120, 'FIND_US_ON_MAP', 'Find Us On Map'),
(121, 'CONGRATULATION_PAYMENT_IS_SUCCESSFULL', 'Congratulation! Payment is successful.'),
(122, 'BILLING_AND_SHIPPING_INFORMATION_IS_UPDATED_SUCCESSFULLY', 'Billing and Shipping Information is updated successfully.'),
(123, 'CUSTOMER_NAME_CAN_NOT_BE_EMPTY', 'Customer Name can not be empty.'),
(124, 'PHONE_NUMBER_CAN_NOT_BE_EMPTY', 'Phone Number can not be empty.'),
(125, 'ADDRESS_CAN_NOT_BE_EMPTY', 'Address can not be empty.'),
(126, 'YOU_MUST_HAVE_TO_SELECT_A_COUNTRY', 'You must have to select a country.'),
(127, 'CITY_CAN_NOT_BE_EMPTY', 'City can not be empty.'),
(128, 'STATE_CAN_NOT_BE_EMPTY', 'State can not be empty.'),
(129, 'ZIP_CODE_CAN_NOT_BE_EMPTY', 'Zip Code can not be empty.'),
(130, 'PROFILE_INFORMATION_IS_UPDATED_SUCCESSFULLY', 'Profile Information is updated successfully.'),
(131, 'EMAIL_ADDRESS_CAN_NOT_BE_EMPTY', 'Email Address can not be empty'),
(132, 'EMAIL_AND_OR_PASSWORD_CAN_NOT_BE_EMPTY', 'Email and/or Password can not be empty.'),
(133, 'EMAIL_ADDRESS_DOES_NOT_MATCH', 'Email Address does not match.'),
(134, 'EMAIL_ADDRESS_MUST_BE_VALID', 'Email address must be valid.'),
(135, 'EMAIL_ADDRESS_IS_NOT_FOUND_IN_OUR_SYSTEM', 'You email address is not found in our system.'),
(136, 'PLEASE_CHECK_YOUR_EMAIL_AND_CONFIRM_SUBSCRIPTION', 'Please check your email and confirm your subscription.'),
(137, 'YOUR_EMAIL_IS_VERIFIED_SUCCESSFULLY_YOU_CAN_NOW_LOGIN_TO_OUR_WEBSITE', 'Your email is verified successfully. You can now login to our website.'),
(138, 'PASSWORD_CAN_NOT_BE_EMPTY', 'Password can not be empty.'),
(139, 'PASSWORDS_DO_NOT_MATCH', 'Passwords do not match.'),
(140, 'PLEASE_ENTER_NEW_AND_RETYPE_PASSWORDS', 'Please enter new and retype passwords.'),
(141, 'PASSWORD_IS_UPDATED_SUCCESSFULLY', 'Password is updated successfully.'),
(142, 'TO_RESET_PASSWORD_PLEASE_CLICK_ON_LINK_BELOW', 'To reset your password, please click on the link below.'),
(143, 'PASSWORD_RESET_REQUEST', 'Password Reset Request'),
(144, 'PASSWORD_RESET_TIME_EXPIRE_MESSAGE', 'The password reset email time (24 hours) has expired. Please again try to reset your password.'),
(145, 'PASSWORD_RESET_SENT_MESSAGE', 'A confirmation link is sent to your email address. You will get the password reset information in there.'),
(164, 'SELECT_COUNTRY', 'Select Country'),
(146, 'PASSWORD_RESET_SUCCESS_MESSAGE', 'Password is reset successfully. You can now login.'),
(147, 'EMAIL_ADDRESS_ALREADY_EXISTS', 'Email Address Already Exists.'),
(148, 'ACCOUNT_INACTIVE_MESSAGE', 'Sorry! Your account is inactive. Please contact to the administrator.'),
(149, 'CHANGE_PASSWORD', 'Change Password'),
(150, 'REGISTRATION_EMAIL_CONFIRMATION', 'Registration Email Confirmation'),
(151, 'REGISTRATION_COMPLETION_MESSAGE_IN_EMAIL', 'Thank you for your registration! Your account has been created. To active your account click on the link below:'),
(152, 'REGISTRATION_COMPLETION_MESSAGE', 'Your registration is completed. Please check your email address to follow the process to confirm your registration.'),
(153, 'NO_PRODUCT_FOUND', 'No Product Found'),
(154, 'ADD_TO_CART', 'Add to Cart'),
(155, 'RELATED_PRODUCTS', 'Related Products'),
(156, 'SEE_ALL_RELATED_PRODUCTS_FROM_BELOW', 'See all the related products from below'),
(157, 'SIZE', 'Size'),
(158, 'COLOR', 'Color'),
(159, 'PRICE', 'Price'),
(160, 'PLEASE_LOGIN_AS_CUSTOMER_TO_CHECKOUT', 'Please login as customer to checkout'),
(161, 'BILLING_ADDRESS', 'Billing Address'),
(162, 'SHIPPING_ADDRESS', 'Shipping Address'),
(163, 'RATING_IS_SUBMITTED_SUCCESSFULLY', 'Rating is Submitted Successfully!'),
(165, 'CASH_ON_DELIVERY', 'Cash On Delivery'),
(166, 'CONGRATULATION_CASH_ON_DELIVERY', 'Thank you for the order request! Your item will be delivered soon.'),
(167, 'PHONE_NUMBER_ALREADY_EXIST', 'Phone Number Already Exists.');

-- --------------------------------------------------------

--
-- Table structure for table `tbl_mid_category`
--

CREATE TABLE `tbl_mid_category` (
  `mcat_id` int(11) NOT NULL,
  `mcat_name` varchar(255) COLLATE utf8_unicode_ci NOT NULL,
  `tcat_id` int(11) NOT NULL
) ENGINE=InnoDB DEFAULT CHARSET=utf8 COLLATE=utf8_unicode_ci;

--
-- Dumping data for table `tbl_mid_category`
--

INSERT INTO `tbl_mid_category` (`mcat_id`, `mcat_name`, `tcat_id`) VALUES
(1, 'Western Clothing', 1),
(2, 'Men\'s Shoes', 1),
(3, 'Western Clothing', 2),
(4, 'Women\'s Jewellery', 2),
(6, 'Women Shoes', 2),
(7, 'Winter Clothing', 2),
(8, 'Winter Clothing', 1),
(9, 'Men\'s Watches', 1);

-- --------------------------------------------------------

--
-- Table structure for table `tbl_order`
--

CREATE TABLE `tbl_order` (
  `id` int(11) NOT NULL,
  `product_id` int(11) NOT NULL,
  `product_name` varchar(255) COLLATE utf8_unicode_ci NOT NULL,
  `size` varchar(100) COLLATE utf8_unicode_ci NOT NULL,
  `color` varchar(100) COLLATE utf8_unicode_ci NOT NULL,
  `quantity` varchar(50) COLLATE utf8_unicode_ci NOT NULL,
  `unit_price` varchar(50) COLLATE utf8_unicode_ci NOT NULL,
  `payment_id` varchar(255) COLLATE utf8_unicode_ci NOT NULL
) ENGINE=InnoDB DEFAULT CHARSET=utf8 COLLATE=utf8_unicode_ci;

--
-- Dumping data for table `tbl_order`
--

INSERT INTO `tbl_order` (`id`, `product_id`, `product_name`, `size`, `color`, `quantity`, `unit_price`, `payment_id`) VALUES
(4, 66, 'Gold Leather High Heel For Women', '35', 'Gold', '1', '21', '1571073875'),
(5, 30, 'Le Reve Pink Cotton Top for Women', 'XS', 'Pink', '2', '31', '1571109331'),
(6, 31, 'China Georgette Casual Long Sleeves Tops', '46', 'Mixed', '3', '40', '1587701701'),
(7, 6, 'Pant 1', 'XS', 'White', '1', '12', '1587701701'),
(8, 4, 'Charismatic Red Cotton T-shirt for Men', '', 'Red', '2', '10', '1587702778');

-- --------------------------------------------------------

--
-- Table structure for table `tbl_page`
--

CREATE TABLE `tbl_page` (
  `id` int(11) NOT NULL,
  `about_title` varchar(255) COLLATE utf8_unicode_ci NOT NULL,
  `about_content` mediumtext COLLATE utf8_unicode_ci NOT NULL,
  `about_banner` varchar(255) COLLATE utf8_unicode_ci NOT NULL,
  `about_meta_title` varchar(255) COLLATE utf8_unicode_ci NOT NULL,
  `about_meta_keyword` mediumtext COLLATE utf8_unicode_ci NOT NULL,
  `about_meta_description` mediumtext COLLATE utf8_unicode_ci NOT NULL,
  `faq_title` varchar(255) COLLATE utf8_unicode_ci NOT NULL,
  `faq_banner` varchar(255) COLLATE utf8_unicode_ci NOT NULL,
  `faq_meta_title` varchar(255) COLLATE utf8_unicode_ci NOT NULL,
  `faq_meta_keyword` mediumtext COLLATE utf8_unicode_ci NOT NULL,
  `faq_meta_description` mediumtext COLLATE utf8_unicode_ci NOT NULL,
  `blog_title` varchar(255) COLLATE utf8_unicode_ci NOT NULL,
  `blog_banner` varchar(255) COLLATE utf8_unicode_ci NOT NULL,
  `blog_meta_title` varchar(255) COLLATE utf8_unicode_ci NOT NULL,
  `blog_meta_keyword` mediumtext COLLATE utf8_unicode_ci NOT NULL,
  `blog_meta_description` mediumtext COLLATE utf8_unicode_ci NOT NULL,
  `contact_title` varchar(255) COLLATE utf8_unicode_ci NOT NULL,
  `contact_banner` varchar(255) COLLATE utf8_unicode_ci NOT NULL,
  `contact_meta_title` varchar(255) COLLATE utf8_unicode_ci NOT NULL,
  `contact_meta_keyword` mediumtext COLLATE utf8_unicode_ci NOT NULL,
  `contact_meta_description` mediumtext COLLATE utf8_unicode_ci NOT NULL,
  `pgallery_title` varchar(255) COLLATE utf8_unicode_ci NOT NULL,
  `pgallery_banner` varchar(255) COLLATE utf8_unicode_ci NOT NULL,
  `pgallery_meta_title` varchar(255) COLLATE utf8_unicode_ci NOT NULL,
  `pgallery_meta_keyword` mediumtext COLLATE utf8_unicode_ci NOT NULL,
  `pgallery_meta_description` mediumtext COLLATE utf8_unicode_ci NOT NULL,
  `vgallery_title` varchar(255) COLLATE utf8_unicode_ci NOT NULL,
  `vgallery_banner` varchar(255) COLLATE utf8_unicode_ci NOT NULL,
  `vgallery_meta_title` varchar(255) COLLATE utf8_unicode_ci NOT NULL,
  `vgallery_meta_keyword` mediumtext COLLATE utf8_unicode_ci NOT NULL,
  `vgallery_meta_description` mediumtext COLLATE utf8_unicode_ci NOT NULL
) ENGINE=InnoDB DEFAULT CHARSET=utf8 COLLATE=utf8_unicode_ci;

--
-- Dumping data for table `tbl_page`
--

INSERT INTO `tbl_page` (`id`, `about_title`, `about_content`, `about_banner`, `about_meta_title`, `about_meta_keyword`, `about_meta_description`, `faq_title`, `faq_banner`, `faq_meta_title`, `faq_meta_keyword`, `faq_meta_description`, `blog_title`, `blog_banner`, `blog_meta_title`, `blog_meta_keyword`, `blog_meta_description`, `contact_title`, `contact_banner`, `contact_meta_title`, `contact_meta_keyword`, `contact_meta_description`, `pgallery_title`, `pgallery_banner`, `pgallery_meta_title`, `pgallery_meta_keyword`, `pgallery_meta_description`, `vgallery_title`, `vgallery_banner`, `vgallery_meta_title`, `vgallery_meta_keyword`, `vgallery_meta_description`) VALUES
(1, 'About Us', '<p>Lorem ipsum dolor sit amet, an labores explicari qui, eu nostrum copiosae argumentum has. Latine propriae quo no, unum ridens expetenda id sit, at usu eius eligendi singulis. Sea ocurreret principes ne. At nonumy aperiri pri, nam quodsi copiosae intellegebat et, ex deserunt euripidis usu. Per ad ullum lobortis. Duo volutpat imperdiet ut, postea salutatus imperdiet ut per, ad utinam debitis invenire has.</p>\r\n\r\n<p>Liber utroque vim an, ne his brute vivendo, est fabulas consetetur appellantur an. In dolore legendos quo, ne ferri noluisse sed. Tantas eligendi at ius. Purto ipsum nemore sit ad.</p>\r\n\r\n<p>Vix tale noluisse voluptua ad, ne brute altera democritum cum. Omnes ornatus qui et, te aeterno discere ocurreret sea. Tollit cetero cu usu, etiam evertitur id nec. Id pro unum pertinax oportere, vel ad ridens mollis. Ad ius meis suavitate voluptaria.</p>\r\n\r\n<p>Mei ut errem legimus periculis, eos liber epicurei necessitatibus eu, facilisi postulant vel no. Ad mea commune disputando, cu vel choro exerci. Pri et oratio iisque atomorum, enim detracto mei ne, id eos soleat iudicabit. Ne reque reformidans mei, rebum delicata consequuntur an sit. Sea ad audire utamur. Ut mei ridens minimum intellegat, perpetua euripidis te qui, ad consul intellegebat comprehensam eum.</p>\r\n\r\n<p>Ex vix alienum sadipscing, quod melius philosophia id has. Ad qui quem reprimique, quo possit detracto reprimique no, sint reque officiis ei per. Ea regione commune volutpat pro, fabulas facilis omnesque mei ne. Cu unum detracto comprehensam sea, ad vim ancillae principes, ex usu fugit consulatu. Vis te purto equidem voluptatum.</p>\r\n\r\n<p>Detracto contentiones te est, brute ipsum consul an vis. Mea ei regione blandit ullamcorper, definiebas constituam vix ei. At his ludus nonumes gloriatur. Ne vim tamquam nonumes.</p>\r\n\r\n<p>Duo purto pertinax in. Ea noluisse mediocrem qui, nobis melius vis et. Iudico delicatissimi no qui, quando fastidii nam et, ne eum rationibus deseruisse neglegentur. Ei eum populo viderer reprimique, tantas homero abhorreant usu ei, at postulant gloriatur vituperata sit.</p>\r\n', 'about-banner.jpg', 'Ecommerce - About Us', 'about, about us, about team, about company', 'This is a page where we have described details about us.', 'FAQ', 'faq-banner.jpg', 'Ecommerce - FAQ', '', '', 'Blog', 'blog-banner.jpg', 'Ecommerce - Blog', '', '', 'Contact Us', 'contact-banner.jpg', 'Ecommerce - Contact', '', '', 'Photo Gallery', 'pgallery-banner.jpg', 'Ecommerce - Photo Gallery', '', '', 'Video Gallery', 'vgallery-banner.jpg', 'Ecommerce - Video Gallery', '', '');

-- --------------------------------------------------------

--
-- Table structure for table `tbl_payment`
--

CREATE TABLE `tbl_payment` (
  `id` int(11) NOT NULL,
  `customer_id` int(11) NOT NULL,
  `customer_name` varchar(255) COLLATE utf8_unicode_ci NOT NULL,
  `customer_email` varchar(255) COLLATE utf8_unicode_ci NOT NULL,
  `customer_phone` varchar(100) COLLATE utf8_unicode_ci NOT NULL,
  `payment_date` varchar(50) COLLATE utf8_unicode_ci NOT NULL,
  `txnid` varchar(255) COLLATE utf8_unicode_ci NOT NULL,
  `paid_amount` int(11) NOT NULL,
  `card_number` varchar(50) COLLATE utf8_unicode_ci NOT NULL,
  `card_cvv` varchar(10) COLLATE utf8_unicode_ci NOT NULL,
  `card_month` varchar(10) COLLATE utf8_unicode_ci NOT NULL,
  `card_year` varchar(10) COLLATE utf8_unicode_ci NOT NULL,
  `bank_transaction_info` mediumtext COLLATE utf8_unicode_ci NOT NULL,
  `payment_method` varchar(20) COLLATE utf8_unicode_ci NOT NULL,
  `currency` varchar(10) COLLATE utf8_unicode_ci NOT NULL,
  `payment_status` varchar(25) COLLATE utf8_unicode_ci NOT NULL,
  `shipping_status` varchar(20) COLLATE utf8_unicode_ci NOT NULL,
  `payment_id` varchar(255) COLLATE utf8_unicode_ci NOT NULL
) ENGINE=MyISAM DEFAULT CHARSET=utf8 COLLATE=utf8_unicode_ci;

--
-- Dumping data for table `tbl_payment`
--

INSERT INTO `tbl_payment` (`id`, `customer_id`, `customer_name`, `customer_email`, `customer_phone`, `payment_date`, `txnid`, `paid_amount`, `card_number`, `card_cvv`, `card_month`, `card_year`, `bank_transaction_info`, `payment_method`, `currency`, `payment_status`, `shipping_status`, `payment_id`) VALUES
(5, 7, 'John Doe', 'customer@gmail.com', '123-123-1233', '2019-10-15 09:15:31', 'ch_1FTgVUBoKopKik6AS3xFvKf1', 67, '4242424242424242', '234', '10', '2020', '', 'Stripe', 'USD', 'Completed', 'Pending', '1571109331'),
(4, 7, 'John Doe', 'customer@gmail.com', '123-123-1233', '2019-10-14 23:24:35', '', 26, '', '', '', '', '', 'Cash On Delivery', 'USD', 'Completed', 'N/A', '1571073875'),
(6, 1, 'John Doe', 'customer@gmail.com', '123-123-1233', '2020-04-24 10:15:01', 'ch_1GbIvcBoKopKik6ATOH43mzs', 142, '4242424242424242', '234', '09', '2020', '', 'Stripe', 'USD', 'Completed', 'Pending', '1587701701'),
(7, 1, 'John Doe', 'customer@gmail.com', '123-123-1233', '2020-04-24 10:32:58', 'ch_1GbJCyBoKopKik6AMaS5wsK2', 30, '4242424242424242', '333', '09', '2020', '', 'Stripe', 'EUR', 'Completed', 'Pending', '1587702778');

-- --------------------------------------------------------

--
-- Table structure for table `tbl_photo`
--

CREATE TABLE `tbl_photo` (
  `id` int(11) NOT NULL,
  `caption` varchar(255) COLLATE utf8_unicode_ci NOT NULL,
  `photo` varchar(255) COLLATE utf8_unicode_ci NOT NULL
) ENGINE=InnoDB DEFAULT CHARSET=utf8 COLLATE=utf8_unicode_ci;

--
-- Dumping data for table `tbl_photo`
--

INSERT INTO `tbl_photo` (`id`, `caption`, `photo`) VALUES
(1, 'Photo 1', 'photo-1.jpg'),
(2, 'Photo 2', 'photo-2.jpg'),
(3, 'Photo 3', 'photo-3.jpg'),
(4, 'Photo 4', 'photo-4.jpg'),
(5, 'Photo 5', 'photo-5.jpg'),
(6, 'Photo 6', 'photo-6.jpg');

-- --------------------------------------------------------

--
-- Table structure for table `tbl_post`
--

CREATE TABLE `tbl_post` (
  `post_id` int(11) NOT NULL,
  `post_title` varchar(255) COLLATE utf8_unicode_ci NOT NULL,
  `post_slug` varchar(255) COLLATE utf8_unicode_ci NOT NULL,
  `post_content` mediumtext COLLATE utf8_unicode_ci NOT NULL,
  `post_date` varchar(255) COLLATE utf8_unicode_ci NOT NULL,
  `photo` varchar(255) COLLATE utf8_unicode_ci NOT NULL,
  `category_id` int(11) NOT NULL,
  `total_view` int(11) NOT NULL,
  `meta_title` varchar(255) COLLATE utf8_unicode_ci NOT NULL,
  `meta_keyword` mediumtext COLLATE utf8_unicode_ci NOT NULL,
  `meta_description` mediumtext COLLATE utf8_unicode_ci NOT NULL
) ENGINE=InnoDB DEFAULT CHARSET=utf8 COLLATE=utf8_unicode_ci;

--
-- Dumping data for table `tbl_post`
--

INSERT INTO `tbl_post` (`post_id`, `post_title`, `post_slug`, `post_content`, `post_date`, `photo`, `category_id`, `total_view`, `meta_title`, `meta_keyword`, `meta_description`) VALUES
(1, 'Cu vel choro exerci pri et oratio iisque', 'cu-vel-choro-exerci-pri-et-oratio-iisque', '<p>Lorem ipsum dolor sit amet, qui case probo velit no, an postea scaevola partiendo mei. Id mea fuisset perpetua referrentur. Ut everti ceteros mei, alii discere eum no, duo id malis iuvaret. Ad sint everti accusam vel, ea viderer suscipiantur pri. Brute option minimum in cum, ignota iuvaret an pro.</p>\r\n\r\n<p>Solum atqui intellegebat mea an. Ne ius alterum aliquam. Ea nec populo aliquid mentitum, vis in meliore atomorum, sanctus consequat vituperatoribus duo ea. Ad doctus pertinacia ius, virtute fuisset id has, eum ut modo principes. Qui eu labore adversarium, oporteat delicata qui ut, an qui meliore principes. Id aliquid dolorum nam.</p>\r\n\r\n<p>Reque pericula philosophia ut mei, volumus eligendi mandamus has an. In nobis consulatu pri, has at timeam scaevola, has simul quaeque et. Te nec sale accumsan. Dolorem prodesset efficiendi sea ea.</p>\r\n\r\n<p>Et habeo modus debitis pri, vel quis fierent albucius ne. Ea animal meliore usu, nec etiam dolorum atomorum at, nam in audire mandamus omittantur. Cu ius dicam officiis molestiae, mea volumus officiis cotidieque no. Ut vel possim interpretaris, idque probatus antiopam has ad. Facilisi qualisque te sea, no dolorum mnesarchum usu.</p>\r\n\r\n<p>Eum tota graeci impetus an, eirmod invenire rationibus ne mel. Ignota habemus eum ex, vis omnesque delicata perpetua an. Sit id modo invidunt sapientem, ne eum vocibus dolores phaedrum. Case praesent appellantur eu per.</p>\r\n', '05-09-2017', 'news-1.jpg', 3, 14, 'Cu vel choro exerci pri et oratio iisque', '', ''),
(2, 'Epicurei necessitatibus eu facilisi postulant ', 'epicurei-necessitatibus-eu-facilisi-postulant-', '<p>Lorem ipsum dolor sit amet, qui case probo velit no, an postea scaevola partiendo mei. Id mea fuisset perpetua referrentur. Ut everti ceteros mei, alii discere eum no, duo id malis iuvaret. Ad sint everti accusam vel, ea viderer suscipiantur pri. Brute option minimum in cum, ignota iuvaret an pro.</p>\r\n\r\n<p>Solum atqui intellegebat mea an. Ne ius alterum aliquam. Ea nec populo aliquid mentitum, vis in meliore atomorum, sanctus consequat vituperatoribus duo ea. Ad doctus pertinacia ius, virtute fuisset id has, eum ut modo principes. Qui eu labore adversarium, oporteat delicata qui ut, an qui meliore principes. Id aliquid dolorum nam.</p>\r\n\r\n<p>Reque pericula philosophia ut mei, volumus eligendi mandamus has an. In nobis consulatu pri, has at timeam scaevola, has simul quaeque et. Te nec sale accumsan. Dolorem prodesset efficiendi sea ea.</p>\r\n\r\n<p>Et habeo modus debitis pri, vel quis fierent albucius ne. Ea animal meliore usu, nec etiam dolorum atomorum at, nam in audire mandamus omittantur. Cu ius dicam officiis molestiae, mea volumus officiis cotidieque no. Ut vel possim interpretaris, idque probatus antiopam has ad. Facilisi qualisque te sea, no dolorum mnesarchum usu.</p>\r\n\r\n<p>Eum tota graeci impetus an, eirmod invenire rationibus ne mel. Ignota habemus eum ex, vis omnesque delicata perpetua an. Sit id modo invidunt sapientem, ne eum vocibus dolores phaedrum. Case praesent appellantur eu per.</p>\r\n', '05-09-2017', 'news-2.jpg', 3, 6, 'Epicurei necessitatibus eu facilisi postulant ', '', ''),
(3, 'Mei ut errem legimus periculis eos liber', 'mei-ut-errem-legimus-periculis-eos-liber', '<p>Lorem ipsum dolor sit amet, qui case probo velit no, an postea scaevola partiendo mei. Id mea fuisset perpetua referrentur. Ut everti ceteros mei, alii discere eum no, duo id malis iuvaret. Ad sint everti accusam vel, ea viderer suscipiantur pri. Brute option minimum in cum, ignota iuvaret an pro.</p>\r\n\r\n<p>Solum atqui intellegebat mea an. Ne ius alterum aliquam. Ea nec populo aliquid mentitum, vis in meliore atomorum, sanctus consequat vituperatoribus duo ea. Ad doctus pertinacia ius, virtute fuisset id has, eum ut modo principes. Qui eu labore adversarium, oporteat delicata qui ut, an qui meliore principes. Id aliquid dolorum nam.</p>\r\n\r\n<p>Reque pericula philosophia ut mei, volumus eligendi mandamus has an. In nobis consulatu pri, has at timeam scaevola, has simul quaeque et. Te nec sale accumsan. Dolorem prodesset efficiendi sea ea.</p>\r\n\r\n<p>Et habeo modus debitis pri, vel quis fierent albucius ne. Ea animal meliore usu, nec etiam dolorum atomorum at, nam in audire mandamus omittantur. Cu ius dicam officiis molestiae, mea volumus officiis cotidieque no. Ut vel possim interpretaris, idque probatus antiopam has ad. Facilisi qualisque te sea, no dolorum mnesarchum usu.</p>\r\n\r\n<p>Eum tota graeci impetus an, eirmod invenire rationibus ne mel. Ignota habemus eum ex, vis omnesque delicata perpetua an. Sit id modo invidunt sapientem, ne eum vocibus dolores phaedrum. Case praesent appellantur eu per.</p>\r\n', '05-09-2017', 'news-3.jpg', 3, 1, 'Mei ut errem legimus periculis eos liber', '', ''),
(4, 'Id pro unum pertinax oportere vel', 'id-pro-unum-pertinax-oportere-vel', '<p>Lorem ipsum dolor sit amet, qui case probo velit no, an postea scaevola partiendo mei. Id mea fuisset perpetua referrentur. Ut everti ceteros mei, alii discere eum no, duo id malis iuvaret. Ad sint everti accusam vel, ea viderer suscipiantur pri. Brute option minimum in cum, ignota iuvaret an pro.</p>\r\n\r\n<p>Solum atqui intellegebat mea an. Ne ius alterum aliquam. Ea nec populo aliquid mentitum, vis in meliore atomorum, sanctus consequat vituperatoribus duo ea. Ad doctus pertinacia ius, virtute fuisset id has, eum ut modo principes. Qui eu labore adversarium, oporteat delicata qui ut, an qui meliore principes. Id aliquid dolorum nam.</p>\r\n\r\n<p>Reque pericula philosophia ut mei, volumus eligendi mandamus has an. In nobis consulatu pri, has at timeam scaevola, has simul quaeque et. Te nec sale accumsan. Dolorem prodesset efficiendi sea ea.</p>\r\n\r\n<p>Et habeo modus debitis pri, vel quis fierent albucius ne. Ea animal meliore usu, nec etiam dolorum atomorum at, nam in audire mandamus omittantur. Cu ius dicam officiis molestiae, mea volumus officiis cotidieque no. Ut vel possim interpretaris, idque probatus antiopam has ad. Facilisi qualisque te sea, no dolorum mnesarchum usu.</p>\r\n\r\n<p>Eum tota graeci impetus an, eirmod invenire rationibus ne mel. Ignota habemus eum ex, vis omnesque delicata perpetua an. Sit id modo invidunt sapientem, ne eum vocibus dolores phaedrum. Case praesent appellantur eu per.</p>\r\n', '05-09-2017', 'news-4.jpg', 4, 0, 'Id pro unum pertinax oportere vel', '', ''),
(5, 'Tollit cetero cu usu etiam evertitur', 'tollit-cetero-cu-usu-etiam-evertitur', '<p>Lorem ipsum dolor sit amet, qui case probo velit no, an postea scaevola partiendo mei. Id mea fuisset perpetua referrentur. Ut everti ceteros mei, alii discere eum no, duo id malis iuvaret. Ad sint everti accusam vel, ea viderer suscipiantur pri. Brute option minimum in cum, ignota iuvaret an pro.</p>\r\n\r\n<p>Solum atqui intellegebat mea an. Ne ius alterum aliquam. Ea nec populo aliquid mentitum, vis in meliore atomorum, sanctus consequat vituperatoribus duo ea. Ad doctus pertinacia ius, virtute fuisset id has, eum ut modo principes. Qui eu labore adversarium, oporteat delicata qui ut, an qui meliore principes. Id aliquid dolorum nam.</p>\r\n\r\n<p>Reque pericula philosophia ut mei, volumus eligendi mandamus has an. In nobis consulatu pri, has at timeam scaevola, has simul quaeque et. Te nec sale accumsan. Dolorem prodesset efficiendi sea ea.</p>\r\n\r\n<p>Et habeo modus debitis pri, vel quis fierent albucius ne. Ea animal meliore usu, nec etiam dolorum atomorum at, nam in audire mandamus omittantur. Cu ius dicam officiis molestiae, mea volumus officiis cotidieque no. Ut vel possim interpretaris, idque probatus antiopam has ad. Facilisi qualisque te sea, no dolorum mnesarchum usu.</p>\r\n\r\n<p>Eum tota graeci impetus an, eirmod invenire rationibus ne mel. Ignota habemus eum ex, vis omnesque delicata perpetua an. Sit id modo invidunt sapientem, ne eum vocibus dolores phaedrum. Case praesent appellantur eu per.</p>\r\n', '05-09-2017', 'news-5.jpg', 4, 24, 'Tollit cetero cu usu etiam evertitur', '', ''),
(6, 'Omnes ornatus qui et te aeterno', 'omnes-ornatus-qui-et-te-aeterno', '<p>Lorem ipsum dolor sit amet, qui case probo velit no, an postea scaevola partiendo mei. Id mea fuisset perpetua referrentur. Ut everti ceteros mei, alii discere eum no, duo id malis iuvaret. Ad sint everti accusam vel, ea viderer suscipiantur pri. Brute option minimum in cum, ignota iuvaret an pro.</p>\r\n\r\n<p>Solum atqui intellegebat mea an. Ne ius alterum aliquam. Ea nec populo aliquid mentitum, vis in meliore atomorum, sanctus consequat vituperatoribus duo ea. Ad doctus pertinacia ius, virtute fuisset id has, eum ut modo principes. Qui eu labore adversarium, oporteat delicata qui ut, an qui meliore principes. Id aliquid dolorum nam.</p>\r\n\r\n<p>Reque pericula philosophia ut mei, volumus eligendi mandamus has an. In nobis consulatu pri, has at timeam scaevola, has simul quaeque et. Te nec sale accumsan. Dolorem prodesset efficiendi sea ea.</p>\r\n\r\n<p>Et habeo modus debitis pri, vel quis fierent albucius ne. Ea animal meliore usu, nec etiam dolorum atomorum at, nam in audire mandamus omittantur. Cu ius dicam officiis molestiae, mea volumus officiis cotidieque no. Ut vel possim interpretaris, idque probatus antiopam has ad. Facilisi qualisque te sea, no dolorum mnesarchum usu.</p>\r\n\r\n<p>Eum tota graeci impetus an, eirmod invenire rationibus ne mel. Ignota habemus eum ex, vis omnesque delicata perpetua an. Sit id modo invidunt sapientem, ne eum vocibus dolores phaedrum. Case praesent appellantur eu per.</p>\r\n', '05-09-2017', 'news-6.jpg', 4, 2, 'Omnes ornatus qui et te aeterno', '', ''),
(7, 'Vix tale noluisse voluptua ad ne', 'vix-tale-noluisse-voluptua-ad-ne', '<p>Lorem ipsum dolor sit amet, qui case probo velit no, an postea scaevola partiendo mei. Id mea fuisset perpetua referrentur. Ut everti ceteros mei, alii discere eum no, duo id malis iuvaret. Ad sint everti accusam vel, ea viderer suscipiantur pri. Brute option minimum in cum, ignota iuvaret an pro.</p>\r\n\r\n<p>Solum atqui intellegebat mea an. Ne ius alterum aliquam. Ea nec populo aliquid mentitum, vis in meliore atomorum, sanctus consequat vituperatoribus duo ea. Ad doctus pertinacia ius, virtute fuisset id has, eum ut modo principes. Qui eu labore adversarium, oporteat delicata qui ut, an qui meliore principes. Id aliquid dolorum nam.</p>\r\n\r\n<p>Reque pericula philosophia ut mei, volumus eligendi mandamus has an. In nobis consulatu pri, has at timeam scaevola, has simul quaeque et. Te nec sale accumsan. Dolorem prodesset efficiendi sea ea.</p>\r\n\r\n<p>Et habeo modus debitis pri, vel quis fierent albucius ne. Ea animal meliore usu, nec etiam dolorum atomorum at, nam in audire mandamus omittantur. Cu ius dicam officiis molestiae, mea volumus officiis cotidieque no. Ut vel possim interpretaris, idque probatus antiopam has ad. Facilisi qualisque te sea, no dolorum mnesarchum usu.</p>\r\n\r\n<p>Eum tota graeci impetus an, eirmod invenire rationibus ne mel. Ignota habemus eum ex, vis omnesque delicata perpetua an. Sit id modo invidunt sapientem, ne eum vocibus dolores phaedrum. Case praesent appellantur eu per.</p>\r\n', '05-09-2017', 'news-7.jpg', 2, 0, 'Vix tale noluisse voluptua ad ne', '', ''),
(8, 'Liber utroque vim an ne his brute', 'liber-utroque-vim-an-ne-his-brute', '<p>Lorem ipsum dolor sit amet, qui case probo velit no, an postea scaevola partiendo mei. Id mea fuisset perpetua referrentur. Ut everti ceteros mei, alii discere eum no, duo id malis iuvaret. Ad sint everti accusam vel, ea viderer suscipiantur pri. Brute option minimum in cum, ignota iuvaret an pro.</p>\r\n\r\n<p>Solum atqui intellegebat mea an. Ne ius alterum aliquam. Ea nec populo aliquid mentitum, vis in meliore atomorum, sanctus consequat vituperatoribus duo ea. Ad doctus pertinacia ius, virtute fuisset id has, eum ut modo principes. Qui eu labore adversarium, oporteat delicata qui ut, an qui meliore principes. Id aliquid dolorum nam.</p>\r\n\r\n<p>Reque pericula philosophia ut mei, volumus eligendi mandamus has an. In nobis consulatu pri, has at timeam scaevola, has simul quaeque et. Te nec sale accumsan. Dolorem prodesset efficiendi sea ea.</p>\r\n\r\n<p>Et habeo modus debitis pri, vel quis fierent albucius ne. Ea animal meliore usu, nec etiam dolorum atomorum at, nam in audire mandamus omittantur. Cu ius dicam officiis molestiae, mea volumus officiis cotidieque no. Ut vel possim interpretaris, idque probatus antiopam has ad. Facilisi qualisque te sea, no dolorum mnesarchum usu.</p>\r\n\r\n<p>Eum tota graeci impetus an, eirmod invenire rationibus ne mel. Ignota habemus eum ex, vis omnesque delicata perpetua an. Sit id modo invidunt sapientem, ne eum vocibus dolores phaedrum. Case praesent appellantur eu per.</p>\r\n', '05-09-2017', 'news-8.jpg', 2, 12, 'Liber utroque vim an ne his brute', '', ''),
(9, 'Nostrum copiosae argumentum has', 'nostrum-copiosae-argumentum-has', '<p>Lorem ipsum dolor sit amet, qui case probo velit no, an postea scaevola partiendo mei. Id mea fuisset perpetua referrentur. Ut everti ceteros mei, alii discere eum no, duo id malis iuvaret. Ad sint everti accusam vel, ea viderer suscipiantur pri. Brute option minimum in cum, ignota iuvaret an pro.</p>\r\n\r\n<p>Solum atqui intellegebat mea an. Ne ius alterum aliquam. Ea nec populo aliquid mentitum, vis in meliore atomorum, sanctus consequat vituperatoribus duo ea. Ad doctus pertinacia ius, virtute fuisset id has, eum ut modo principes. Qui eu labore adversarium, oporteat delicata qui ut, an qui meliore principes. Id aliquid dolorum nam.</p>\r\n\r\n<p>Reque pericula philosophia ut mei, volumus eligendi mandamus has an. In nobis consulatu pri, has at timeam scaevola, has simul quaeque et. Te nec sale accumsan. Dolorem prodesset efficiendi sea ea.</p>\r\n\r\n<p>Et habeo modus debitis pri, vel quis fierent albucius ne. Ea animal meliore usu, nec etiam dolorum atomorum at, nam in audire mandamus omittantur. Cu ius dicam officiis molestiae, mea volumus officiis cotidieque no. Ut vel possim interpretaris, idque probatus antiopam has ad. Facilisi qualisque te sea, no dolorum mnesarchum usu.</p>\r\n\r\n<p>Eum tota graeci impetus an, eirmod invenire rationibus ne mel. Ignota habemus eum ex, vis omnesque delicata perpetua an. Sit id modo invidunt sapientem, ne eum vocibus dolores phaedrum. Case praesent appellantur eu per.</p>\r\n', '05-09-2017', 'news-9.jpg', 1, 12, 'Nostrum copiosae argumentum has', '', ''),
(10, 'An labores explicari qui eu', 'an-labores-explicari-qui-eu', '<p>Lorem ipsum dolor sit amet, qui case probo velit no, an postea scaevola partiendo mei. Id mea fuisset perpetua referrentur. Ut everti ceteros mei, alii discere eum no, duo id malis iuvaret. Ad sint everti accusam vel, ea viderer suscipiantur pri. Brute option minimum in cum, ignota iuvaret an pro.</p>\r\n\r\n<p>Solum atqui intellegebat mea an. Ne ius alterum aliquam. Ea nec populo aliquid mentitum, vis in meliore atomorum, sanctus consequat vituperatoribus duo ea. Ad doctus pertinacia ius, virtute fuisset id has, eum ut modo principes. Qui eu labore adversarium, oporteat delicata qui ut, an qui meliore principes. Id aliquid dolorum nam.</p>\r\n\r\n<p>Reque pericula philosophia ut mei, volumus eligendi mandamus has an. In nobis consulatu pri, has at timeam scaevola, has simul quaeque et. Te nec sale accumsan. Dolorem prodesset efficiendi sea ea.</p>\r\n\r\n<p>Et habeo modus debitis pri, vel quis fierent albucius ne. Ea animal meliore usu, nec etiam dolorum atomorum at, nam in audire mandamus omittantur. Cu ius dicam officiis molestiae, mea volumus officiis cotidieque no. Ut vel possim interpretaris, idque probatus antiopam has ad. Facilisi qualisque te sea, no dolorum mnesarchum usu.</p>\r\n\r\n<p>Eum tota graeci impetus an, eirmod invenire rationibus ne mel. Ignota habemus eum ex, vis omnesque delicata perpetua an. Sit id modo invidunt sapientem, ne eum vocibus dolores phaedrum. Case praesent appellantur eu per.</p>\r\n', '05-09-2017', 'news-10.jpg', 1, 4, 'An labores explicari qui eu', '', ''),
(11, 'Lorem ipsum dolor sit amet', 'lorem-ipsum-dolor-sit-amet', '<p>Lorem ipsum dolor sit amet, qui case probo velit no, an postea scaevola partiendo mei. Id mea fuisset perpetua referrentur. Ut everti ceteros mei, alii discere eum no, duo id malis iuvaret. Ad sint everti accusam vel, ea viderer suscipiantur pri. Brute option minimum in cum, ignota iuvaret an pro.</p>\r\n\r\n<p>Solum atqui intellegebat mea an. Ne ius alterum aliquam. Ea nec populo aliquid mentitum, vis in meliore atomorum, sanctus consequat vituperatoribus duo ea. Ad doctus pertinacia ius, virtute fuisset id has, eum ut modo principes. Qui eu labore adversarium, oporteat delicata qui ut, an qui meliore principes. Id aliquid dolorum nam.</p>\r\n\r\n<p>Reque pericula philosophia ut mei, volumus eligendi mandamus has an. In nobis consulatu pri, has at timeam scaevola, has simul quaeque et. Te nec sale accumsan. Dolorem prodesset efficiendi sea ea.</p>\r\n\r\n<p>Et habeo modus debitis pri, vel quis fierent albucius ne. Ea animal meliore usu, nec etiam dolorum atomorum at, nam in audire mandamus omittantur. Cu ius dicam officiis molestiae, mea volumus officiis cotidieque no. Ut vel possim interpretaris, idque probatus antiopam has ad. Facilisi qualisque te sea, no dolorum mnesarchum usu.</p>\r\n\r\n<p>Eum tota graeci impetus an, eirmod invenire rationibus ne mel. Ignota habemus eum ex, vis omnesque delicata perpetua an. Sit id modo invidunt sapientem, ne eum vocibus dolores phaedrum. Case praesent appellantur eu per.</p>\r\n', '05-09-2017', 'news-11.jpg', 1, 18, 'Lorem ipsum dolor sit amet', '', '');

-- --------------------------------------------------------

--
-- Table structure for table `tbl_product`
--

CREATE TABLE `tbl_product` (
  `p_id` int(11) NOT NULL,
  `p_name` varchar(255) COLLATE utf8_unicode_ci NOT NULL,
  `p_old_price` varchar(10) COLLATE utf8_unicode_ci NOT NULL,
  `p_current_price` varchar(10) COLLATE utf8_unicode_ci NOT NULL,
  `p_qty` int(10) NOT NULL,
  `p_featured_photo` varchar(255) COLLATE utf8_unicode_ci NOT NULL,
  `p_description` mediumtext COLLATE utf8_unicode_ci NOT NULL,
  `p_short_description` mediumtext COLLATE utf8_unicode_ci NOT NULL,
  `p_feature` mediumtext COLLATE utf8_unicode_ci NOT NULL,
  `p_condition` mediumtext COLLATE utf8_unicode_ci NOT NULL,
  `p_return_policy` mediumtext COLLATE utf8_unicode_ci NOT NULL,
  `p_total_view` int(11) NOT NULL,
  `p_is_featured` int(1) NOT NULL,
  `p_is_active` int(1) NOT NULL,
  `ecat_id` int(11) NOT NULL
) ENGINE=InnoDB DEFAULT CHARSET=utf8 COLLATE=utf8_unicode_ci;

--
-- Dumping data for table `tbl_product`
--

INSERT INTO `tbl_product` (`p_id`, `p_name`, `p_old_price`, `p_current_price`, `p_qty`, `p_featured_photo`, `p_description`, `p_short_description`, `p_feature`, `p_condition`, `p_return_policy`, `p_total_view`, `p_is_featured`, `p_is_active`, `ecat_id`) VALUES
(1, 'Star Wars Darth Vader', '30', '20', 18, 'product-featured-1.jpg', '<p>Lorem ipsum dolor sit amet, an labores explicari qui, eu nostrum copiosae argumentum has. Latine propriae quo no, unum ridens expetenda id sit, at usu eius eligendi singulis. Sea ocurreret principes ne. At nonumy aperiri pri, nam quodsi copiosae intellegebat et, ex deserunt euripidis usu. Per ad ullum lobortis. Duo volutpat imperdiet ut, postea salutatus imperdiet ut per, ad utinam debitis invenire has.</p>\r\n\r\n<p>Liber utroque vim an, ne his brute vivendo, est fabulas consetetur appellantur an. In dolore legendos quo, ne ferri noluisse sed. Tantas eligendi at ius. Purto ipsum nemore sit ad.</p>\r\n\r\n<p>Vix tale noluisse voluptua ad, ne brute altera democritum cum. Omnes ornatus qui et, te aeterno discere ocurreret sea. Tollit cetero cu usu, etiam evertitur id nec. Id pro unum pertinax oportere, vel ad ridens mollis. Ad ius meis suavitate voluptaria.</p>\r\n\r\n<p>Mei ut errem legimus periculis, eos liber epicurei necessitatibus eu, facilisi postulant vel no. Ad mea commune disputando, cu vel choro exerci. Pri et oratio iisque atomorum, enim detracto mei ne, id eos soleat iudicabit. Ne reque reformidans mei, rebum delicata consequuntur an sit. Sea ad audire utamur. Ut mei ridens minimum intellegat, perpetua euripidis te qui, ad consul intellegebat comprehensam eum.</p>\r\n\r\n<p>Ex vix alienum sadipscing, quod melius philosophia id has. Ad qui quem reprimique, quo possit detracto reprimique no, sint reque officiis ei per. Ea regione commune volutpat pro, fabulas facilis omnesque mei ne. Cu unum detracto comprehensam sea, ad vim ancillae principes, ex usu fugit consulatu. Vis te purto equidem voluptatum.</p>\r\n', '<p>Lorem ipsum dolor sit amet, an labores explicari qui, eu nostrum copiosae argumentum has. Latine propriae quo no, unum ridens expetenda id sit, at usu eius eligendi singulis.</p>\r\n', '', '', '', 315, 1, 1, 1),
(4, 'Charismatic Red Cotton T-shirt for Men', '', '10', 3, 'product-featured-4.jpg', '<p>Lorem ipsum dolor sit amet, an labores explicari qui, eu nostrum copiosae argumentum has. Latine propriae quo no, unum ridens expetenda id sit, at usu eius eligendi singulis. Sea ocurreret principes ne. At nonumy aperiri pri, nam quodsi copiosae intellegebat et, ex deserunt euripidis usu. Per ad ullum lobortis. Duo volutpat imperdiet ut, postea salutatus imperdiet ut per, ad utinam debitis invenire has. Liber utroque vim an, ne his brute vivendo, est fabulas consetetur appellantur an. In dolore legendos quo, ne ferri noluisse sed. Tantas eligendi at ius. Purto ipsum nemore sit ad. Vix tale noluisse voluptua ad, ne brute altera democritum cum. Omnes ornatus qui et, te aeterno discere ocurreret sea. Tollit cetero cu usu, etiam evertitur id nec. Id pro unum pertinax oportere, vel ad ridens mollis. Ad ius meis suavitate voluptaria. Mei ut errem legimus periculis, eos liber epicurei necessitatibus eu, facilisi postulant vel no. Ad mea commune disputando, cu vel choro exerci. Pri et oratio iisque atomorum, enim detracto mei ne, id eos soleat iudicabit. Ne reque reformidans mei, rebum delicata consequuntur an sit. Sea ad audire utamur. Ut mei ridens minimum intellegat, perpetua euripidis te qui, ad consul intellegebat comprehensam eum. Ex vix alienum sadipscing, quod melius philosophia id has. Ad qui quem reprimique, quo possit detracto reprimique no, sint reque officiis ei per. Ea regione commune volutpat pro, fabulas facilis omnesque mei ne. Cu unum detracto comprehensam sea, ad vim ancillae principes, ex usu fugit consulatu. Vis te purto equidem voluptatum.</p>\r\n', '<p>Lorem ipsum dolor sit amet, an labores explicari qui, eu nostrum copiosae argumentum has. Latine propriae quo no, unum ridens expetenda id sit, at usu eius eligendi singulis.</p>\r\n', '<p>Product Type: T-shirt Color: Red Main Material: Cotton Gender: Men</p>\r\n', '', '', 68, 0, 1, 1),
(6, 'Pant 1', '', '12', 5, 'product-featured-6.jpg', '', '', '', '', '', 75, 1, 1, 2),
(7, 'Apara Orange Cotton T-Shirt For Men', '', '20', 39, 'product-featured-7.jpg', '<p>&nbsp;</p>\r\n\r\n<p>Lorem ipsum dolor sit amet, an labores explicari qui, eu nostrum copiosae argumentum has. Latine propriae quo no, unum ridens expetenda id sit, at usu eius eligendi singulis. Sea ocurreret principes ne. At nonumy aperiri pri, nam quodsi copiosae intellegebat et, ex deserunt euripidis usu. Per ad ullum lobortis. Duo volutpat imperdiet ut, postea salutatus imperdiet ut per, ad utinam debitis invenire has.</p>\r\n\r\n<p>Liber utroque vim an, ne his brute vivendo, est fabulas consetetur appellantur an. In dolore legendos quo, ne ferri noluisse sed. Tantas eligendi at ius. Purto ipsum nemore sit ad.</p>\r\n\r\n<p>Vix tale noluisse voluptua ad, ne brute altera democritum cum. Omnes ornatus qui et, te aeterno discere ocurreret sea. Tollit cetero cu usu, etiam evertitur id nec. Id pro unum pertinax oportere, vel ad ridens mollis. Ad ius meis suavitate voluptaria.</p>\r\n\r\n<p>Mei ut errem legimus periculis, eos liber epicurei necessitatibus eu, facilisi postulant vel no. Ad mea commune disputando, cu vel choro exerci. Pri et oratio iisque atomorum, enim detracto mei ne, id eos soleat iudicabit. Ne reque reformidans mei, rebum delicata consequuntur an sit. Sea ad audire utamur. Ut mei ridens minimum intellegat, perpetua euripidis te qui, ad consul intellegebat comprehensam eum.</p>\r\n\r\n<p>Ex vix alienum sadipscing, quod melius philosophia id has. Ad qui quem reprimique, quo possit detracto reprimique no, sint reque officiis ei per. Ea regione commune volutpat pro, fabulas facilis omnesque mei ne. Cu unum detracto comprehensam sea, ad vim ancillae principes, ex usu fugit consulatu. Vis te purto equidem voluptatum.</p>\r\n', '<p>Lorem ipsum dolor sit amet, an labores explicari qui, eu nostrum copiosae argumentum has. Latine propriae quo no, unum ridens expetenda id sit, at usu eius eligendi singulis. Sea ocurreret principes ne. At nonumy aperiri pri, nam quodsi copiosae intellegebat et, ex deserunt euripidis usu.</p>\r\n', '<ul>\r\n	<li>Duo purto pertinax in.&nbsp;</li>\r\n	<li>Ea noluisse mediocrem qui, nobis melius vis et.&nbsp;</li>\r\n	<li>Iudico delicatissimi no qui, quando fastidii nam et.&nbsp;</li>\r\n	<li>Ne eum rationibus deseruisse neglegentur.&nbsp;</li>\r\n	<li>Ei eum populo viderer reprimique.&nbsp;</li>\r\n	<li>At postulant gloriatur vituperata sit.</li>\r\n</ul>\r\n', '', '', 55, 1, 1, 1),
(8, 'Navy Blue Cotton Round Neck T-Shirt', '', '34', 56, 'product-featured-8.jpg', '<p>Lorem ipsum dolor sit amet, an labores explicari qui, eu nostrum copiosae argumentum has. Latine propriae quo no, unum ridens expetenda id sit, at usu eius eligendi singulis. Sea ocurreret principes ne. At nonumy aperiri pri, nam quodsi copiosae intellegebat et, ex deserunt euripidis usu. Per ad ullum lobortis. Duo volutpat imperdiet ut, postea salutatus imperdiet ut per, ad utinam debitis invenire has.</p>\r\n\r\n<p>Liber utroque vim an, ne his brute vivendo, est fabulas consetetur appellantur an. In dolore legendos quo, ne ferri noluisse sed. Tantas eligendi at ius. Purto ipsum nemore sit ad.</p>\r\n\r\n<p>Vix tale noluisse voluptua ad, ne brute altera democritum cum. Omnes ornatus qui et, te aeterno discere ocurreret sea. Tollit cetero cu usu, etiam evertitur id nec. Id pro unum pertinax oportere, vel ad ridens mollis. Ad ius meis suavitate voluptaria.</p>\r\n\r\n<p>Mei ut errem legimus periculis, eos liber epicurei necessitatibus eu, facilisi postulant vel no. Ad mea commune disputando, cu vel choro exerci. Pri et oratio iisque atomorum, enim detracto mei ne, id eos soleat iudicabit. Ne reque reformidans mei, rebum delicata consequuntur an sit. Sea ad audire utamur. Ut mei ridens minimum intellegat, perpetua euripidis te qui, ad consul intellegebat comprehensam eum.</p>\r\n\r\n<p>Ex vix alienum sadipscing, quod melius philosophia id has. Ad qui quem reprimique, quo possit detracto reprimique no, sint reque officiis ei per. Ea regione commune volutpat pro, fabulas facilis omnesque mei ne. Cu unum detracto comprehensam sea, ad vim ancillae principes, ex usu fugit consulatu. Vis te purto equidem voluptatum.</p>\r\n', '<p>Lorem ipsum dolor sit amet, an labores explicari qui, eu nostrum copiosae argumentum has. Latine propriae quo no, unum ridens expetenda id sit, at usu eius eligendi singulis. Sea ocurreret principes ne. At nonumy aperiri pri, nam quodsi copiosae intellegebat et, ex deserunt euripidis usu. Per ad ullum lobortis.</p>\r\n', '<ul>\r\n	<li>Duo purto pertinax in.&nbsp;</li>\r\n	<li>Ea noluisse mediocrem qui, nobis melius vis et.&nbsp;</li>\r\n	<li>Iudico delicatissimi no qui, quando fastidii nam et.&nbsp;</li>\r\n	<li>Ne eum rationibus deseruisse neglegentur.&nbsp;</li>\r\n	<li>Ei eum populo viderer reprimique.&nbsp;</li>\r\n	<li>At postulant gloriatur vituperata sit.</li>\r\n</ul>\r\n', '', '', 3, 1, 1, 1),
(9, 'Justice Print White T Shirt', '', '38', 44, 'product-featured-9.jpg', '<p>Lorem ipsum dolor sit amet, an labores explicari qui, eu nostrum copiosae argumentum has. Latine propriae quo no, unum ridens expetenda id sit, at usu eius eligendi singulis. Sea ocurreret principes ne. At nonumy aperiri pri, nam quodsi copiosae intellegebat et, ex deserunt euripidis usu. Per ad ullum lobortis. Duo volutpat imperdiet ut, postea salutatus imperdiet ut per, ad utinam debitis invenire has.</p>\r\n\r\n<p>Liber utroque vim an, ne his brute vivendo, est fabulas consetetur appellantur an. In dolore legendos quo, ne ferri noluisse sed. Tantas eligendi at ius. Purto ipsum nemore sit ad.</p>\r\n\r\n<p>Vix tale noluisse voluptua ad, ne brute altera democritum cum. Omnes ornatus qui et, te aeterno discere ocurreret sea. Tollit cetero cu usu, etiam evertitur id nec. Id pro unum pertinax oportere, vel ad ridens mollis. Ad ius meis suavitate voluptaria.</p>\r\n\r\n<p>Mei ut errem legimus periculis, eos liber epicurei necessitatibus eu, facilisi postulant vel no. Ad mea commune disputando, cu vel choro exerci. Pri et oratio iisque atomorum, enim detracto mei ne, id eos soleat iudicabit. Ne reque reformidans mei, rebum delicata consequuntur an sit. Sea ad audire utamur. Ut mei ridens minimum intellegat, perpetua euripidis te qui, ad consul intellegebat comprehensam eum.</p>\r\n\r\n<p>Ex vix alienum sadipscing, quod melius philosophia id has. Ad qui quem reprimique, quo possit detracto reprimique no, sint reque officiis ei per. Ea regione commune volutpat pro, fabulas facilis omnesque mei ne. Cu unum detracto comprehensam sea, ad vim ancillae principes, ex usu fugit consulatu. Vis te purto equidem voluptatum.</p>\r\n', '<p>Lorem ipsum dolor sit amet, an labores explicari qui, eu nostrum copiosae argumentum has. Latine propriae quo no, unum ridens expetenda id sit, at usu eius eligendi singulis. Sea ocurreret principes ne. At nonumy aperiri pri, nam quodsi copiosae intellegebat et, ex deserunt euripidis usu. Per ad ullum lobortis.</p>\r\n', '', '', '', 9, 1, 1, 1),
(10, 'Teal Cotton T-Shirt for Men', '', '22', 56, 'product-featured-10.jpg', '<p>Lorem ipsum dolor sit amet, an labores explicari qui, eu nostrum copiosae argumentum has. Latine propriae quo no, unum ridens expetenda id sit, at usu eius eligendi singulis. Sea ocurreret principes ne. At nonumy aperiri pri, nam quodsi copiosae intellegebat et, ex deserunt euripidis usu. Per ad ullum lobortis. Duo volutpat imperdiet ut, postea salutatus imperdiet ut per, ad utinam debitis invenire has.</p>\r\n\r\n<p>Liber utroque vim an, ne his brute vivendo, est fabulas consetetur appellantur an. In dolore legendos quo, ne ferri noluisse sed. Tantas eligendi at ius. Purto ipsum nemore sit ad.</p>\r\n\r\n<p>Vix tale noluisse voluptua ad, ne brute altera democritum cum. Omnes ornatus qui et, te aeterno discere ocurreret sea. Tollit cetero cu usu, etiam evertitur id nec. Id pro unum pertinax oportere, vel ad ridens mollis. Ad ius meis suavitate voluptaria.</p>\r\n\r\n<p>Mei ut errem legimus periculis, eos liber epicurei necessitatibus eu, facilisi postulant vel no. Ad mea commune disputando, cu vel choro exerci. Pri et oratio iisque atomorum, enim detracto mei ne, id eos soleat iudicabit. Ne reque reformidans mei, rebum delicata consequuntur an sit. Sea ad audire utamur. Ut mei ridens minimum intellegat, perpetua euripidis te qui, ad consul intellegebat comprehensam eum.</p>\r\n\r\n<p>Ex vix alienum sadipscing, quod melius philosophia id has. Ad qui quem reprimique, quo possit detracto reprimique no, sint reque officiis ei per. Ea regione commune volutpat pro, fabulas facilis omnesque mei ne. Cu unum detracto comprehensam sea, ad vim ancillae principes, ex usu fugit consulatu. Vis te purto equidem voluptatum.</p>\r\n', '<p>Lorem ipsum dolor sit amet, an labores explicari qui, eu nostrum copiosae argumentum has. Latine propriae quo no, unum ridens expetenda id sit, at usu eius eligendi singulis. Sea ocurreret principes ne. At nonumy aperiri pri, nam quodsi copiosae intellegebat et, ex deserunt euripidis usu. Per ad ullum lobortis.</p>\r\n', '', '', '', 4, 1, 1, 1),
(11, 'Brown Twill Gabardine Casual Pant', '', '22', 34, 'product-featured-11.jpg', '<p>Lorem ipsum dolor sit amet, an labores explicari qui, eu nostrum copiosae argumentum has. Latine propriae quo no, unum ridens expetenda id sit, at usu eius eligendi singulis. Sea ocurreret principes ne. At nonumy aperiri pri, nam quodsi copiosae intellegebat et, ex deserunt euripidis usu. Per ad ullum lobortis. Duo volutpat imperdiet ut, postea salutatus imperdiet ut per, ad utinam debitis invenire has.</p>\r\n\r\n<p>Liber utroque vim an, ne his brute vivendo, est fabulas consetetur appellantur an. In dolore legendos quo, ne ferri noluisse sed. Tantas eligendi at ius. Purto ipsum nemore sit ad.</p>\r\n\r\n<p>Vix tale noluisse voluptua ad, ne brute altera democritum cum. Omnes ornatus qui et, te aeterno discere ocurreret sea. Tollit cetero cu usu, etiam evertitur id nec. Id pro unum pertinax oportere, vel ad ridens mollis. Ad ius meis suavitate voluptaria.</p>\r\n\r\n<p>Mei ut errem legimus periculis, eos liber epicurei necessitatibus eu, facilisi postulant vel no. Ad mea commune disputando, cu vel choro exerci. Pri et oratio iisque atomorum, enim detracto mei ne, id eos soleat iudicabit. Ne reque reformidans mei, rebum delicata consequuntur an sit. Sea ad audire utamur. Ut mei ridens minimum intellegat, perpetua euripidis te qui, ad consul intellegebat comprehensam eum.</p>\r\n\r\n<p>Ex vix alienum sadipscing, quod melius philosophia id has. Ad qui quem reprimique, quo possit detracto reprimique no, sint reque officiis ei per. Ea regione commune volutpat pro, fabulas facilis omnesque mei ne. Cu unum detracto comprehensam sea, ad vim ancillae principes, ex usu fugit consulatu. Vis te purto equidem voluptatum.</p>\r\n', '<p>Lorem ipsum dolor sit amet, an labores explicari qui, eu nostrum copiosae argumentum has. Latine propriae quo no, unum ridens expetenda id sit, at usu eius eligendi singulis. Sea ocurreret principes ne. At nonumy aperiri pri, nam quodsi copiosae intellegebat et, ex deserunt euripidis usu. Per ad ullum lobortis.</p>\r\n', '', '', '', 0, 0, 1, 2),
(12, 'Black Twill Gabardine Casual Pant', '', '20', 40, 'product-featured-12.jpg', '<p>Lorem ipsum dolor sit amet, an labores explicari qui, eu nostrum copiosae argumentum has. Latine propriae quo no, unum ridens expetenda id sit, at usu eius eligendi singulis. Sea ocurreret principes ne. At nonumy aperiri pri, nam quodsi copiosae intellegebat et, ex deserunt euripidis usu. Per ad ullum lobortis. Duo volutpat imperdiet ut, postea salutatus imperdiet ut per, ad utinam debitis invenire has.</p>\r\n\r\n<p>Liber utroque vim an, ne his brute vivendo, est fabulas consetetur appellantur an. In dolore legendos quo, ne ferri noluisse sed. Tantas eligendi at ius. Purto ipsum nemore sit ad.</p>\r\n\r\n<p>Vix tale noluisse voluptua ad, ne brute altera democritum cum. Omnes ornatus qui et, te aeterno discere ocurreret sea. Tollit cetero cu usu, etiam evertitur id nec. Id pro unum pertinax oportere, vel ad ridens mollis. Ad ius meis suavitate voluptaria.</p>\r\n\r\n<p>Mei ut errem legimus periculis, eos liber epicurei necessitatibus eu, facilisi postulant vel no. Ad mea commune disputando, cu vel choro exerci. Pri et oratio iisque atomorum, enim detracto mei ne, id eos soleat iudicabit. Ne reque reformidans mei, rebum delicata consequuntur an sit. Sea ad audire utamur. Ut mei ridens minimum intellegat, perpetua euripidis te qui, ad consul intellegebat comprehensam eum.</p>\r\n\r\n<p>Ex vix alienum sadipscing, quod melius philosophia id has. Ad qui quem reprimique, quo possit detracto reprimique no, sint reque officiis ei per. Ea regione commune volutpat pro, fabulas facilis omnesque mei ne. Cu unum detracto comprehensam sea, ad vim ancillae principes, ex usu fugit consulatu. Vis te purto equidem voluptatum.</p>\r\n', '<p>Lorem ipsum dolor sit amet, an labores explicari qui, eu nostrum copiosae argumentum has. Latine propriae quo no, unum ridens expetenda id sit, at usu eius eligendi singulis. Sea ocurreret principes ne. At nonumy aperiri pri, nam quodsi copiosae intellegebat et, ex deserunt euripidis usu. Per ad ullum lobortis.</p>\r\n', '', '', '', 0, 0, 1, 2),
(13, 'Tan Denim Chino Pant For Men', '', '20', 45, 'product-featured-13.jpg', '<p>Lorem ipsum dolor sit amet, an labores explicari qui, eu nostrum copiosae argumentum has. Latine propriae quo no, unum ridens expetenda id sit, at usu eius eligendi singulis. Sea ocurreret principes ne. At nonumy aperiri pri, nam quodsi copiosae intellegebat et, ex deserunt euripidis usu. Per ad ullum lobortis. Duo volutpat imperdiet ut, postea salutatus imperdiet ut per, ad utinam debitis invenire has.</p>\r\n\r\n<p>Liber utroque vim an, ne his brute vivendo, est fabulas consetetur appellantur an. In dolore legendos quo, ne ferri noluisse sed. Tantas eligendi at ius. Purto ipsum nemore sit ad.</p>\r\n\r\n<p>Vix tale noluisse voluptua ad, ne brute altera democritum cum. Omnes ornatus qui et, te aeterno discere ocurreret sea. Tollit cetero cu usu, etiam evertitur id nec. Id pro unum pertinax oportere, vel ad ridens mollis. Ad ius meis suavitate voluptaria.</p>\r\n\r\n<p>Mei ut errem legimus periculis, eos liber epicurei necessitatibus eu, facilisi postulant vel no. Ad mea commune disputando, cu vel choro exerci. Pri et oratio iisque atomorum, enim detracto mei ne, id eos soleat iudicabit. Ne reque reformidans mei, rebum delicata consequuntur an sit. Sea ad audire utamur. Ut mei ridens minimum intellegat, perpetua euripidis te qui, ad consul intellegebat comprehensam eum.</p>\r\n\r\n<p>Ex vix alienum sadipscing, quod melius philosophia id has. Ad qui quem reprimique, quo possit detracto reprimique no, sint reque officiis ei per. Ea regione commune volutpat pro, fabulas facilis omnesque mei ne. Cu unum detracto comprehensam sea, ad vim ancillae principes, ex usu fugit consulatu. Vis te purto equidem voluptatum.</p>\r\n', '<p>Lorem ipsum dolor sit amet, an labores explicari qui, eu nostrum copiosae argumentum has. Latine propriae quo no, unum ridens expetenda id sit, at usu eius eligendi singulis. Sea ocurreret principes ne. At nonumy aperiri pri, nam quodsi copiosae intellegebat et, ex deserunt euripidis usu. Per ad ullum lobortis.</p>\r\n', '', '', '', 6, 0, 1, 2),
(14, 'Blue Denim Chino Pant For Men', '', '30', 46, 'product-featured-14.jpg', '<p>Lorem ipsum dolor sit amet, an labores explicari qui, eu nostrum copiosae argumentum has. Latine propriae quo no, unum ridens expetenda id sit, at usu eius eligendi singulis. Sea ocurreret principes ne. At nonumy aperiri pri, nam quodsi copiosae intellegebat et, ex deserunt euripidis usu. Per ad ullum lobortis. Duo volutpat imperdiet ut, postea salutatus imperdiet ut per, ad utinam debitis invenire has.</p>\r\n\r\n<p>Liber utroque vim an, ne his brute vivendo, est fabulas consetetur appellantur an. In dolore legendos quo, ne ferri noluisse sed. Tantas eligendi at ius. Purto ipsum nemore sit ad.</p>\r\n\r\n<p>Vix tale noluisse voluptua ad, ne brute altera democritum cum. Omnes ornatus qui et, te aeterno discere ocurreret sea. Tollit cetero cu usu, etiam evertitur id nec. Id pro unum pertinax oportere, vel ad ridens mollis. Ad ius meis suavitate voluptaria.</p>\r\n\r\n<p>Mei ut errem legimus periculis, eos liber epicurei necessitatibus eu, facilisi postulant vel no. Ad mea commune disputando, cu vel choro exerci. Pri et oratio iisque atomorum, enim detracto mei ne, id eos soleat iudicabit. Ne reque reformidans mei, rebum delicata consequuntur an sit. Sea ad audire utamur. Ut mei ridens minimum intellegat, perpetua euripidis te qui, ad consul intellegebat comprehensam eum.</p>\r\n\r\n<p>Ex vix alienum sadipscing, quod melius philosophia id has. Ad qui quem reprimique, quo possit detracto reprimique no, sint reque officiis ei per. Ea regione commune volutpat pro, fabulas facilis omnesque mei ne. Cu unum detracto comprehensam sea, ad vim ancillae principes, ex usu fugit consulatu. Vis te purto equidem voluptatum.</p>\r\n', '<p>Lorem ipsum dolor sit amet, an labores explicari qui, eu nostrum copiosae argumentum has. Latine propriae quo no, unum ridens expetenda id sit, at usu eius eligendi singulis. Sea ocurreret principes ne. At nonumy aperiri pri, nam quodsi copiosae intellegebat et, ex deserunt euripidis usu. Per ad ullum lobortis.</p>\r\n', '', '', '', 0, 0, 1, 2),
(15, 'Cotton Double Stripe Jogger', '', '32', 44, 'product-featured-15.jpg', '<p>Lorem ipsum dolor sit amet, an labores explicari qui, eu nostrum copiosae argumentum has. Latine propriae quo no, unum ridens expetenda id sit, at usu eius eligendi singulis. Sea ocurreret principes ne. At nonumy aperiri pri, nam quodsi copiosae intellegebat et, ex deserunt euripidis usu. Per ad ullum lobortis. Duo volutpat imperdiet ut, postea salutatus imperdiet ut per, ad utinam debitis invenire has.</p>\r\n\r\n<p>Liber utroque vim an, ne his brute vivendo, est fabulas consetetur appellantur an. In dolore legendos quo, ne ferri noluisse sed. Tantas eligendi at ius. Purto ipsum nemore sit ad.</p>\r\n\r\n<p>Vix tale noluisse voluptua ad, ne brute altera democritum cum. Omnes ornatus qui et, te aeterno discere ocurreret sea. Tollit cetero cu usu, etiam evertitur id nec. Id pro unum pertinax oportere, vel ad ridens mollis. Ad ius meis suavitate voluptaria.</p>\r\n\r\n<p>Mei ut errem legimus periculis, eos liber epicurei necessitatibus eu, facilisi postulant vel no. Ad mea commune disputando, cu vel choro exerci. Pri et oratio iisque atomorum, enim detracto mei ne, id eos soleat iudicabit. Ne reque reformidans mei, rebum delicata consequuntur an sit. Sea ad audire utamur. Ut mei ridens minimum intellegat, perpetua euripidis te qui, ad consul intellegebat comprehensam eum.</p>\r\n\r\n<p>Ex vix alienum sadipscing, quod melius philosophia id has. Ad qui quem reprimique, quo possit detracto reprimique no, sint reque officiis ei per. Ea regione commune volutpat pro, fabulas facilis omnesque mei ne. Cu unum detracto comprehensam sea, ad vim ancillae principes, ex usu fugit consulatu. Vis te purto equidem voluptatum.</p>\r\n', '<p>Lorem ipsum dolor sit amet, an labores explicari qui, eu nostrum copiosae argumentum has. Latine propriae quo no, unum ridens expetenda id sit, at usu eius eligendi singulis. Sea ocurreret principes ne. At nonumy aperiri pri, nam quodsi copiosae intellegebat et, ex deserunt euripidis usu. Per ad ullum lobortis.</p>\r\n', '', '', '', 3, 0, 1, 2),
(16, 'Apex Leather Casual Sandal', '', '12', 20, 'product-featured-16.jpg', '<p>Lorem ipsum dolor sit amet, an labores explicari qui, eu nostrum copiosae argumentum has. Latine propriae quo no, unum ridens expetenda id sit, at usu eius eligendi singulis. Sea ocurreret principes ne. At nonumy aperiri pri, nam quodsi copiosae intellegebat et, ex deserunt euripidis usu. Per ad ullum lobortis. Duo volutpat imperdiet ut, postea salutatus imperdiet ut per, ad utinam debitis invenire has.</p>\r\n\r\n<p>Liber utroque vim an, ne his brute vivendo, est fabulas consetetur appellantur an. In dolore legendos quo, ne ferri noluisse sed. Tantas eligendi at ius. Purto ipsum nemore sit ad.</p>\r\n\r\n<p>Vix tale noluisse voluptua ad, ne brute altera democritum cum. Omnes ornatus qui et, te aeterno discere ocurreret sea. Tollit cetero cu usu, etiam evertitur id nec. Id pro unum pertinax oportere, vel ad ridens mollis. Ad ius meis suavitate voluptaria.</p>\r\n\r\n<p>Mei ut errem legimus periculis, eos liber epicurei necessitatibus eu, facilisi postulant vel no. Ad mea commune disputando, cu vel choro exerci. Pri et oratio iisque atomorum, enim detracto mei ne, id eos soleat iudicabit. Ne reque reformidans mei, rebum delicata consequuntur an sit. Sea ad audire utamur. Ut mei ridens minimum intellegat, perpetua euripidis te qui, ad consul intellegebat comprehensam eum.</p>\r\n\r\n<p>Ex vix alienum sadipscing, quod melius philosophia id has. Ad qui quem reprimique, quo possit detracto reprimique no, sint reque officiis ei per. Ea regione commune volutpat pro, fabulas facilis omnesque mei ne. Cu unum detracto comprehensam sea, ad vim ancillae principes, ex usu fugit consulatu. Vis te purto equidem voluptatum.</p>\r\n', '<p>Lorem ipsum dolor sit amet, an labores explicari qui, eu nostrum copiosae argumentum has. Latine propriae quo no, unum ridens expetenda id sit, at usu eius eligendi singulis. Sea ocurreret principes ne. At nonumy aperiri pri, nam quodsi copiosae intellegebat et, ex deserunt euripidis usu. Per ad ullum lobortis.</p>\r\n', '', '', '', 0, 0, 1, 4),
(17, 'Bata Pata Pata Blue Eva Flip Flop', '', '16', 33, 'product-featured-17.jpg', '<p>Lorem ipsum dolor sit amet, an labores explicari qui, eu nostrum copiosae argumentum has. Latine propriae quo no, unum ridens expetenda id sit, at usu eius eligendi singulis. Sea ocurreret principes ne. At nonumy aperiri pri, nam quodsi copiosae intellegebat et, ex deserunt euripidis usu. Per ad ullum lobortis. Duo volutpat imperdiet ut, postea salutatus imperdiet ut per, ad utinam debitis invenire has.</p>\r\n\r\n<p>Liber utroque vim an, ne his brute vivendo, est fabulas consetetur appellantur an. In dolore legendos quo, ne ferri noluisse sed. Tantas eligendi at ius. Purto ipsum nemore sit ad.</p>\r\n\r\n<p>Vix tale noluisse voluptua ad, ne brute altera democritum cum. Omnes ornatus qui et, te aeterno discere ocurreret sea. Tollit cetero cu usu, etiam evertitur id nec. Id pro unum pertinax oportere, vel ad ridens mollis. Ad ius meis suavitate voluptaria.</p>\r\n\r\n<p>Mei ut errem legimus periculis, eos liber epicurei necessitatibus eu, facilisi postulant vel no. Ad mea commune disputando, cu vel choro exerci. Pri et oratio iisque atomorum, enim detracto mei ne, id eos soleat iudicabit. Ne reque reformidans mei, rebum delicata consequuntur an sit. Sea ad audire utamur. Ut mei ridens minimum intellegat, perpetua euripidis te qui, ad consul intellegebat comprehensam eum.</p>\r\n\r\n<p>Ex vix alienum sadipscing, quod melius philosophia id has. Ad qui quem reprimique, quo possit detracto reprimique no, sint reque officiis ei per. Ea regione commune volutpat pro, fabulas facilis omnesque mei ne. Cu unum detracto comprehensam sea, ad vim ancillae principes, ex usu fugit consulatu. Vis te purto equidem voluptatum.</p>\r\n', '<p>Lorem ipsum dolor sit amet, an labores explicari qui, eu nostrum copiosae argumentum has. Latine propriae quo no, unum ridens expetenda id sit, at usu eius eligendi singulis. Sea ocurreret principes ne. At nonumy aperiri pri, nam quodsi copiosae intellegebat et, ex deserunt euripidis usu. Per ad ullum lobortis.</p>\r\n', '', '', '', 2, 0, 1, 4),
(18, 'Apex Venturini Black Leather Sandal', '', '14', 44, 'product-featured-18.jpg', '<p>Lorem ipsum dolor sit amet, an labores explicari qui, eu nostrum copiosae argumentum has. Latine propriae quo no, unum ridens expetenda id sit, at usu eius eligendi singulis. Sea ocurreret principes ne. At nonumy aperiri pri, nam quodsi copiosae intellegebat et, ex deserunt euripidis usu. Per ad ullum lobortis. Duo volutpat imperdiet ut, postea salutatus imperdiet ut per, ad utinam debitis invenire has.</p>\r\n\r\n<p>Liber utroque vim an, ne his brute vivendo, est fabulas consetetur appellantur an. In dolore legendos quo, ne ferri noluisse sed. Tantas eligendi at ius. Purto ipsum nemore sit ad.</p>\r\n\r\n<p>Vix tale noluisse voluptua ad, ne brute altera democritum cum. Omnes ornatus qui et, te aeterno discere ocurreret sea. Tollit cetero cu usu, etiam evertitur id nec. Id pro unum pertinax oportere, vel ad ridens mollis. Ad ius meis suavitate voluptaria.</p>\r\n\r\n<p>Mei ut errem legimus periculis, eos liber epicurei necessitatibus eu, facilisi postulant vel no. Ad mea commune disputando, cu vel choro exerci. Pri et oratio iisque atomorum, enim detracto mei ne, id eos soleat iudicabit. Ne reque reformidans mei, rebum delicata consequuntur an sit. Sea ad audire utamur. Ut mei ridens minimum intellegat, perpetua euripidis te qui, ad consul intellegebat comprehensam eum.</p>\r\n\r\n<p>Ex vix alienum sadipscing, quod melius philosophia id has. Ad qui quem reprimique, quo possit detracto reprimique no, sint reque officiis ei per. Ea regione commune volutpat pro, fabulas facilis omnesque mei ne. Cu unum detracto comprehensam sea, ad vim ancillae principes, ex usu fugit consulatu. Vis te purto equidem voluptatum.</p>\r\n', '<p>Lorem ipsum dolor sit amet, an labores explicari qui, eu nostrum copiosae argumentum has. Latine propriae quo no, unum ridens expetenda id sit, at usu eius eligendi singulis. Sea ocurreret principes ne. At nonumy aperiri pri, nam quodsi copiosae intellegebat et, ex deserunt euripidis usu. Per ad ullum lobortis.</p>\r\n', '', '', '', 0, 0, 1, 4),
(19, 'Lotto PVC Sandal - Navy Blue', '', '11', 34, 'product-featured-19.jpg', '<p>Lorem ipsum dolor sit amet, an labores explicari qui, eu nostrum copiosae argumentum has. Latine propriae quo no, unum ridens expetenda id sit, at usu eius eligendi singulis. Sea ocurreret principes ne. At nonumy aperiri pri, nam quodsi copiosae intellegebat et, ex deserunt euripidis usu. Per ad ullum lobortis. Duo volutpat imperdiet ut, postea salutatus imperdiet ut per, ad utinam debitis invenire has.</p>\r\n\r\n<p>Liber utroque vim an, ne his brute vivendo, est fabulas consetetur appellantur an. In dolore legendos quo, ne ferri noluisse sed. Tantas eligendi at ius. Purto ipsum nemore sit ad.</p>\r\n\r\n<p>Vix tale noluisse voluptua ad, ne brute altera democritum cum. Omnes ornatus qui et, te aeterno discere ocurreret sea. Tollit cetero cu usu, etiam evertitur id nec. Id pro unum pertinax oportere, vel ad ridens mollis. Ad ius meis suavitate voluptaria.</p>\r\n\r\n<p>Mei ut errem legimus periculis, eos liber epicurei necessitatibus eu, facilisi postulant vel no. Ad mea commune disputando, cu vel choro exerci. Pri et oratio iisque atomorum, enim detracto mei ne, id eos soleat iudicabit. Ne reque reformidans mei, rebum delicata consequuntur an sit. Sea ad audire utamur. Ut mei ridens minimum intellegat, perpetua euripidis te qui, ad consul intellegebat comprehensam eum.</p>\r\n\r\n<p>Ex vix alienum sadipscing, quod melius philosophia id has. Ad qui quem reprimique, quo possit detracto reprimique no, sint reque officiis ei per. Ea regione commune volutpat pro, fabulas facilis omnesque mei ne. Cu unum detracto comprehensam sea, ad vim ancillae principes, ex usu fugit consulatu. Vis te purto equidem voluptatum.</p>\r\n', '<p>Lorem ipsum dolor sit amet, an labores explicari qui, eu nostrum copiosae argumentum has. Latine propriae quo no, unum ridens expetenda id sit, at usu eius eligendi singulis. Sea ocurreret principes ne. At nonumy aperiri pri, nam quodsi copiosae intellegebat et, ex deserunt euripidis usu. Per ad ullum lobortis.</p>\r\n', '', '', '', 0, 0, 1, 4),
(20, 'B & W Chocolate Leather Sandal', '', '11', 34, 'product-featured-20.jpg', '<p>Lorem ipsum dolor sit amet, an labores explicari qui, eu nostrum copiosae argumentum has. Latine propriae quo no, unum ridens expetenda id sit, at usu eius eligendi singulis. Sea ocurreret principes ne. At nonumy aperiri pri, nam quodsi copiosae intellegebat et, ex deserunt euripidis usu. Per ad ullum lobortis. Duo volutpat imperdiet ut, postea salutatus imperdiet ut per, ad utinam debitis invenire has.</p>\r\n\r\n<p>Liber utroque vim an, ne his brute vivendo, est fabulas consetetur appellantur an. In dolore legendos quo, ne ferri noluisse sed. Tantas eligendi at ius. Purto ipsum nemore sit ad.</p>\r\n\r\n<p>Vix tale noluisse voluptua ad, ne brute altera democritum cum. Omnes ornatus qui et, te aeterno discere ocurreret sea. Tollit cetero cu usu, etiam evertitur id nec. Id pro unum pertinax oportere, vel ad ridens mollis. Ad ius meis suavitate voluptaria.</p>\r\n\r\n<p>Mei ut errem legimus periculis, eos liber epicurei necessitatibus eu, facilisi postulant vel no. Ad mea commune disputando, cu vel choro exerci. Pri et oratio iisque atomorum, enim detracto mei ne, id eos soleat iudicabit. Ne reque reformidans mei, rebum delicata consequuntur an sit. Sea ad audire utamur. Ut mei ridens minimum intellegat, perpetua euripidis te qui, ad consul intellegebat comprehensam eum.</p>\r\n\r\n<p>Ex vix alienum sadipscing, quod melius philosophia id has. Ad qui quem reprimique, quo possit detracto reprimique no, sint reque officiis ei per. Ea regione commune volutpat pro, fabulas facilis omnesque mei ne. Cu unum detracto comprehensam sea, ad vim ancillae principes, ex usu fugit consulatu. Vis te purto equidem voluptatum.</p>\r\n', '<p>Lorem ipsum dolor sit amet, an labores explicari qui, eu nostrum copiosae argumentum has. Latine propriae quo no, unum ridens expetenda id sit, at usu eius eligendi singulis. Sea ocurreret principes ne. At nonumy aperiri pri, nam quodsi copiosae intellegebat et, ex deserunt euripidis usu. Per ad ullum lobortis.</p>\r\n', '', '', '', 3, 0, 1, 4),
(21, 'Sky Sea Brown Leather Casual Boot', '', '12', 33, 'product-featured-21.jpg', '<p>Lorem ipsum dolor sit amet, an labores explicari qui, eu nostrum copiosae argumentum has. Latine propriae quo no, unum ridens expetenda id sit, at usu eius eligendi singulis. Sea ocurreret principes ne. At nonumy aperiri pri, nam quodsi copiosae intellegebat et, ex deserunt euripidis usu. Per ad ullum lobortis. Duo volutpat imperdiet ut, postea salutatus imperdiet ut per, ad utinam debitis invenire has.</p>\r\n\r\n<p>Liber utroque vim an, ne his brute vivendo, est fabulas consetetur appellantur an. In dolore legendos quo, ne ferri noluisse sed. Tantas eligendi at ius. Purto ipsum nemore sit ad.</p>\r\n\r\n<p>Vix tale noluisse voluptua ad, ne brute altera democritum cum. Omnes ornatus qui et, te aeterno discere ocurreret sea. Tollit cetero cu usu, etiam evertitur id nec. Id pro unum pertinax oportere, vel ad ridens mollis. Ad ius meis suavitate voluptaria.</p>\r\n\r\n<p>Mei ut errem legimus periculis, eos liber epicurei necessitatibus eu, facilisi postulant vel no. Ad mea commune disputando, cu vel choro exerci. Pri et oratio iisque atomorum, enim detracto mei ne, id eos soleat iudicabit. Ne reque reformidans mei, rebum delicata consequuntur an sit. Sea ad audire utamur. Ut mei ridens minimum intellegat, perpetua euripidis te qui, ad consul intellegebat comprehensam eum.</p>\r\n\r\n<p>Ex vix alienum sadipscing, quod melius philosophia id has. Ad qui quem reprimique, quo possit detracto reprimique no, sint reque officiis ei per. Ea regione commune volutpat pro, fabulas facilis omnesque mei ne. Cu unum detracto comprehensam sea, ad vim ancillae principes, ex usu fugit consulatu. Vis te purto equidem voluptatum.</p>\r\n', '<p>Lorem ipsum dolor sit amet, an labores explicari qui, eu nostrum copiosae argumentum has. Latine propriae quo no, unum ridens expetenda id sit, at usu eius eligendi singulis. Sea ocurreret principes ne. At nonumy aperiri pri, nam quodsi copiosae intellegebat et, ex deserunt euripidis usu. Per ad ullum lobortis.</p>\r\n', '', '', '', 0, 0, 1, 5),
(22, 'Sky Sea Coffee Leather Boot ', '', '18', 55, 'product-featured-22.jpg', '<p>Lorem ipsum dolor sit amet, an labores explicari qui, eu nostrum copiosae argumentum has. Latine propriae quo no, unum ridens expetenda id sit, at usu eius eligendi singulis. Sea ocurreret principes ne. At nonumy aperiri pri, nam quodsi copiosae intellegebat et, ex deserunt euripidis usu. Per ad ullum lobortis. Duo volutpat imperdiet ut, postea salutatus imperdiet ut per, ad utinam debitis invenire has.</p>\r\n\r\n<p>Liber utroque vim an, ne his brute vivendo, est fabulas consetetur appellantur an. In dolore legendos quo, ne ferri noluisse sed. Tantas eligendi at ius. Purto ipsum nemore sit ad.</p>\r\n\r\n<p>Vix tale noluisse voluptua ad, ne brute altera democritum cum. Omnes ornatus qui et, te aeterno discere ocurreret sea. Tollit cetero cu usu, etiam evertitur id nec. Id pro unum pertinax oportere, vel ad ridens mollis. Ad ius meis suavitate voluptaria.</p>\r\n\r\n<p>Mei ut errem legimus periculis, eos liber epicurei necessitatibus eu, facilisi postulant vel no. Ad mea commune disputando, cu vel choro exerci. Pri et oratio iisque atomorum, enim detracto mei ne, id eos soleat iudicabit. Ne reque reformidans mei, rebum delicata consequuntur an sit. Sea ad audire utamur. Ut mei ridens minimum intellegat, perpetua euripidis te qui, ad consul intellegebat comprehensam eum.</p>\r\n\r\n<p>Ex vix alienum sadipscing, quod melius philosophia id has. Ad qui quem reprimique, quo possit detracto reprimique no, sint reque officiis ei per. Ea regione commune volutpat pro, fabulas facilis omnesque mei ne. Cu unum detracto comprehensam sea, ad vim ancillae principes, ex usu fugit consulatu. Vis te purto equidem voluptatum.</p>\r\n', '<p>Lorem ipsum dolor sit amet, an labores explicari qui, eu nostrum copiosae argumentum has. Latine propriae quo no, unum ridens expetenda id sit, at usu eius eligendi singulis. Sea ocurreret principes ne. At nonumy aperiri pri, nam quodsi copiosae intellegebat et, ex deserunt euripidis usu. Per ad ullum lobortis.</p>\r\n', '', '', '', 0, 0, 1, 5),
(23, 'Sky Sea Black Leather Boot', '', '12', 33, 'product-featured-23.jpg', '<p>Lorem ipsum dolor sit amet, an labores explicari qui, eu nostrum copiosae argumentum has. Latine propriae quo no, unum ridens expetenda id sit, at usu eius eligendi singulis. Sea ocurreret principes ne. At nonumy aperiri pri, nam quodsi copiosae intellegebat et, ex deserunt euripidis usu. Per ad ullum lobortis. Duo volutpat imperdiet ut, postea salutatus imperdiet ut per, ad utinam debitis invenire has.</p>\r\n\r\n<p>Liber utroque vim an, ne his brute vivendo, est fabulas consetetur appellantur an. In dolore legendos quo, ne ferri noluisse sed. Tantas eligendi at ius. Purto ipsum nemore sit ad.</p>\r\n\r\n<p>Vix tale noluisse voluptua ad, ne brute altera democritum cum. Omnes ornatus qui et, te aeterno discere ocurreret sea. Tollit cetero cu usu, etiam evertitur id nec. Id pro unum pertinax oportere, vel ad ridens mollis. Ad ius meis suavitate voluptaria.</p>\r\n\r\n<p>Mei ut errem legimus periculis, eos liber epicurei necessitatibus eu, facilisi postulant vel no. Ad mea commune disputando, cu vel choro exerci. Pri et oratio iisque atomorum, enim detracto mei ne, id eos soleat iudicabit. Ne reque reformidans mei, rebum delicata consequuntur an sit. Sea ad audire utamur. Ut mei ridens minimum intellegat, perpetua euripidis te qui, ad consul intellegebat comprehensam eum.</p>\r\n\r\n<p>Ex vix alienum sadipscing, quod melius philosophia id has. Ad qui quem reprimique, quo possit detracto reprimique no, sint reque officiis ei per. Ea regione commune volutpat pro, fabulas facilis omnesque mei ne. Cu unum detracto comprehensam sea, ad vim ancillae principes, ex usu fugit consulatu. Vis te purto equidem voluptatum.</p>\r\n', '<p>Lorem ipsum dolor sit amet, an labores explicari qui, eu nostrum copiosae argumentum has. Latine propriae quo no, unum ridens expetenda id sit, at usu eius eligendi singulis. Sea ocurreret principes ne. At nonumy aperiri pri, nam quodsi copiosae intellegebat et, ex deserunt euripidis usu. Per ad ullum lobortis.</p>\r\n', '', '', '', 0, 0, 1, 5),
(24, 'Sky Sea Chocolate Leather Boot', '', '12', 34, 'product-featured-24.jpg', '<p>Lorem ipsum dolor sit amet, an labores explicari qui, eu nostrum copiosae argumentum has. Latine propriae quo no, unum ridens expetenda id sit, at usu eius eligendi singulis. Sea ocurreret principes ne. At nonumy aperiri pri, nam quodsi copiosae intellegebat et, ex deserunt euripidis usu. Per ad ullum lobortis. Duo volutpat imperdiet ut, postea salutatus imperdiet ut per, ad utinam debitis invenire has.</p>\r\n\r\n<p>Liber utroque vim an, ne his brute vivendo, est fabulas consetetur appellantur an. In dolore legendos quo, ne ferri noluisse sed. Tantas eligendi at ius. Purto ipsum nemore sit ad.</p>\r\n\r\n<p>Vix tale noluisse voluptua ad, ne brute altera democritum cum. Omnes ornatus qui et, te aeterno discere ocurreret sea. Tollit cetero cu usu, etiam evertitur id nec. Id pro unum pertinax oportere, vel ad ridens mollis. Ad ius meis suavitate voluptaria.</p>\r\n\r\n<p>Mei ut errem legimus periculis, eos liber epicurei necessitatibus eu, facilisi postulant vel no. Ad mea commune disputando, cu vel choro exerci. Pri et oratio iisque atomorum, enim detracto mei ne, id eos soleat iudicabit. Ne reque reformidans mei, rebum delicata consequuntur an sit. Sea ad audire utamur. Ut mei ridens minimum intellegat, perpetua euripidis te qui, ad consul intellegebat comprehensam eum.</p>\r\n\r\n<p>Ex vix alienum sadipscing, quod melius philosophia id has. Ad qui quem reprimique, quo possit detracto reprimique no, sint reque officiis ei per. Ea regione commune volutpat pro, fabulas facilis omnesque mei ne. Cu unum detracto comprehensam sea, ad vim ancillae principes, ex usu fugit consulatu. Vis te purto equidem voluptatum.</p>\r\n', '<p>Lorem ipsum dolor sit amet, an labores explicari qui, eu nostrum copiosae argumentum has. Latine propriae quo no, unum ridens expetenda id sit, at usu eius eligendi singulis. Sea ocurreret principes ne. At nonumy aperiri pri, nam quodsi copiosae intellegebat et, ex deserunt euripidis usu. Per ad ullum lobortis.</p>\r\n', '', '', '', 0, 0, 1, 5),
(25, 'Sky Sea Gray Teal Fabric Sports Shoes', '', '35', 35, 'product-featured-25.jpg', '<p>Lorem ipsum dolor sit amet, an labores explicari qui, eu nostrum copiosae argumentum has. Latine propriae quo no, unum ridens expetenda id sit, at usu eius eligendi singulis. Sea ocurreret principes ne. At nonumy aperiri pri, nam quodsi copiosae intellegebat et, ex deserunt euripidis usu. Per ad ullum lobortis. Duo volutpat imperdiet ut, postea salutatus imperdiet ut per, ad utinam debitis invenire has.</p>\r\n\r\n<p>Liber utroque vim an, ne his brute vivendo, est fabulas consetetur appellantur an. In dolore legendos quo, ne ferri noluisse sed. Tantas eligendi at ius. Purto ipsum nemore sit ad.</p>\r\n\r\n<p>Vix tale noluisse voluptua ad, ne brute altera democritum cum. Omnes ornatus qui et, te aeterno discere ocurreret sea. Tollit cetero cu usu, etiam evertitur id nec. Id pro unum pertinax oportere, vel ad ridens mollis. Ad ius meis suavitate voluptaria.</p>\r\n\r\n<p>Mei ut errem legimus periculis, eos liber epicurei necessitatibus eu, facilisi postulant vel no. Ad mea commune disputando, cu vel choro exerci. Pri et oratio iisque atomorum, enim detracto mei ne, id eos soleat iudicabit. Ne reque reformidans mei, rebum delicata consequuntur an sit. Sea ad audire utamur. Ut mei ridens minimum intellegat, perpetua euripidis te qui, ad consul intellegebat comprehensam eum.</p>\r\n\r\n<p>Ex vix alienum sadipscing, quod melius philosophia id has. Ad qui quem reprimique, quo possit detracto reprimique no, sint reque officiis ei per. Ea regione commune volutpat pro, fabulas facilis omnesque mei ne. Cu unum detracto comprehensam sea, ad vim ancillae principes, ex usu fugit consulatu. Vis te purto equidem voluptatum.</p>\r\n', '<p>Lorem ipsum dolor sit amet, an labores explicari qui, eu nostrum copiosae argumentum has. Latine propriae quo no, unum ridens expetenda id sit, at usu eius eligendi singulis. Sea ocurreret principes ne. At nonumy aperiri pri, nam quodsi copiosae intellegebat et, ex deserunt euripidis usu. Per ad ullum lobortis.</p>\r\n', '', '', '', 3, 0, 1, 11),
(26, 'Sky Sea Light Gray and White Fabric Sports Shoes', '', '33', 33, 'product-featured-26.jpg', '<p>Lorem ipsum dolor sit amet, an labores explicari qui, eu nostrum copiosae argumentum has. Latine propriae quo no, unum ridens expetenda id sit, at usu eius eligendi singulis. Sea ocurreret principes ne. At nonumy aperiri pri, nam quodsi copiosae intellegebat et, ex deserunt euripidis usu. Per ad ullum lobortis. Duo volutpat imperdiet ut, postea salutatus imperdiet ut per, ad utinam debitis invenire has.</p>\r\n\r\n<p>Liber utroque vim an, ne his brute vivendo, est fabulas consetetur appellantur an. In dolore legendos quo, ne ferri noluisse sed. Tantas eligendi at ius. Purto ipsum nemore sit ad.</p>\r\n\r\n<p>Vix tale noluisse voluptua ad, ne brute altera democritum cum. Omnes ornatus qui et, te aeterno discere ocurreret sea. Tollit cetero cu usu, etiam evertitur id nec. Id pro unum pertinax oportere, vel ad ridens mollis. Ad ius meis suavitate voluptaria.</p>\r\n\r\n<p>Mei ut errem legimus periculis, eos liber epicurei necessitatibus eu, facilisi postulant vel no. Ad mea commune disputando, cu vel choro exerci. Pri et oratio iisque atomorum, enim detracto mei ne, id eos soleat iudicabit. Ne reque reformidans mei, rebum delicata consequuntur an sit. Sea ad audire utamur. Ut mei ridens minimum intellegat, perpetua euripidis te qui, ad consul intellegebat comprehensam eum.</p>\r\n\r\n<p>Ex vix alienum sadipscing, quod melius philosophia id has. Ad qui quem reprimique, quo possit detracto reprimique no, sint reque officiis ei per. Ea regione commune volutpat pro, fabulas facilis omnesque mei ne. Cu unum detracto comprehensam sea, ad vim ancillae principes, ex usu fugit consulatu. Vis te purto equidem voluptatum.</p>\r\n', '<p>Lorem ipsum dolor sit amet, an labores explicari qui, eu nostrum copiosae argumentum has. Latine propriae quo no, unum ridens expetenda id sit, at usu eius eligendi singulis. Sea ocurreret principes ne. At nonumy aperiri pri, nam quodsi copiosae intellegebat et, ex deserunt euripidis usu. Per ad ullum lobortis.</p>\r\n', '', '', '', 0, 0, 1, 11),
(27, 'Sky Sea Gray and Black Fabric Sports Shoes', '', '28', 28, 'product-featured-27.jpg', '<p>Lorem ipsum dolor sit amet, an labores explicari qui, eu nostrum copiosae argumentum has. Latine propriae quo no, unum ridens expetenda id sit, at usu eius eligendi singulis. Sea ocurreret principes ne. At nonumy aperiri pri, nam quodsi copiosae intellegebat et, ex deserunt euripidis usu. Per ad ullum lobortis. Duo volutpat imperdiet ut, postea salutatus imperdiet ut per, ad utinam debitis invenire has.</p>\r\n\r\n<p>Liber utroque vim an, ne his brute vivendo, est fabulas consetetur appellantur an. In dolore legendos quo, ne ferri noluisse sed. Tantas eligendi at ius. Purto ipsum nemore sit ad.</p>\r\n\r\n<p>Vix tale noluisse voluptua ad, ne brute altera democritum cum. Omnes ornatus qui et, te aeterno discere ocurreret sea. Tollit cetero cu usu, etiam evertitur id nec. Id pro unum pertinax oportere, vel ad ridens mollis. Ad ius meis suavitate voluptaria.</p>\r\n\r\n<p>Mei ut errem legimus periculis, eos liber epicurei necessitatibus eu, facilisi postulant vel no. Ad mea commune disputando, cu vel choro exerci. Pri et oratio iisque atomorum, enim detracto mei ne, id eos soleat iudicabit. Ne reque reformidans mei, rebum delicata consequuntur an sit. Sea ad audire utamur. Ut mei ridens minimum intellegat, perpetua euripidis te qui, ad consul intellegebat comprehensam eum.</p>\r\n\r\n<p>Ex vix alienum sadipscing, quod melius philosophia id has. Ad qui quem reprimique, quo possit detracto reprimique no, sint reque officiis ei per. Ea regione commune volutpat pro, fabulas facilis omnesque mei ne. Cu unum detracto comprehensam sea, ad vim ancillae principes, ex usu fugit consulatu. Vis te purto equidem voluptatum.</p>\r\n', '<p>Lorem ipsum dolor sit amet, an labores explicari qui, eu nostrum copiosae argumentum has. Latine propriae quo no, unum ridens expetenda id sit, at usu eius eligendi singulis. Sea ocurreret principes ne. At nonumy aperiri pri, nam quodsi copiosae intellegebat et, ex deserunt euripidis usu. Per ad ullum lobortis.</p>\r\n', '', '', '', 0, 0, 1, 11);
INSERT INTO `tbl_product` (`p_id`, `p_name`, `p_old_price`, `p_current_price`, `p_qty`, `p_featured_photo`, `p_description`, `p_short_description`, `p_feature`, `p_condition`, `p_return_policy`, `p_total_view`, `p_is_featured`, `p_is_active`, `ecat_id`) VALUES
(28, 'Sky Sea Light Green Sports Shoes', '', '38', 38, 'product-featured-28.jpg', '<p>Lorem ipsum dolor sit amet, an labores explicari qui, eu nostrum copiosae argumentum has. Latine propriae quo no, unum ridens expetenda id sit, at usu eius eligendi singulis. Sea ocurreret principes ne. At nonumy aperiri pri, nam quodsi copiosae intellegebat et, ex deserunt euripidis usu. Per ad ullum lobortis. Duo volutpat imperdiet ut, postea salutatus imperdiet ut per, ad utinam debitis invenire has.</p>\r\n\r\n<p>Liber utroque vim an, ne his brute vivendo, est fabulas consetetur appellantur an. In dolore legendos quo, ne ferri noluisse sed. Tantas eligendi at ius. Purto ipsum nemore sit ad.</p>\r\n\r\n<p>Vix tale noluisse voluptua ad, ne brute altera democritum cum. Omnes ornatus qui et, te aeterno discere ocurreret sea. Tollit cetero cu usu, etiam evertitur id nec. Id pro unum pertinax oportere, vel ad ridens mollis. Ad ius meis suavitate voluptaria.</p>\r\n\r\n<p>Mei ut errem legimus periculis, eos liber epicurei necessitatibus eu, facilisi postulant vel no. Ad mea commune disputando, cu vel choro exerci. Pri et oratio iisque atomorum, enim detracto mei ne, id eos soleat iudicabit. Ne reque reformidans mei, rebum delicata consequuntur an sit. Sea ad audire utamur. Ut mei ridens minimum intellegat, perpetua euripidis te qui, ad consul intellegebat comprehensam eum.</p>\r\n\r\n<p>Ex vix alienum sadipscing, quod melius philosophia id has. Ad qui quem reprimique, quo possit detracto reprimique no, sint reque officiis ei per. Ea regione commune volutpat pro, fabulas facilis omnesque mei ne. Cu unum detracto comprehensam sea, ad vim ancillae principes, ex usu fugit consulatu. Vis te purto equidem voluptatum.</p>\r\n', '<p>Lorem ipsum dolor sit amet, an labores explicari qui, eu nostrum copiosae argumentum has. Latine propriae quo no, unum ridens expetenda id sit, at usu eius eligendi singulis. Sea ocurreret principes ne. At nonumy aperiri pri, nam quodsi copiosae intellegebat et, ex deserunt euripidis usu. Per ad ullum lobortis.</p>\r\n', '', '', '', 0, 0, 1, 11),
(29, 'Sky Sea Black Orange sports Running Keds', '', '30', 30, 'product-featured-29.jpg', '<p>Lorem ipsum dolor sit amet, an labores explicari qui, eu nostrum copiosae argumentum has. Latine propriae quo no, unum ridens expetenda id sit, at usu eius eligendi singulis. Sea ocurreret principes ne. At nonumy aperiri pri, nam quodsi copiosae intellegebat et, ex deserunt euripidis usu. Per ad ullum lobortis. Duo volutpat imperdiet ut, postea salutatus imperdiet ut per, ad utinam debitis invenire has.</p>\r\n\r\n<p>Liber utroque vim an, ne his brute vivendo, est fabulas consetetur appellantur an. In dolore legendos quo, ne ferri noluisse sed. Tantas eligendi at ius. Purto ipsum nemore sit ad.</p>\r\n\r\n<p>Vix tale noluisse voluptua ad, ne brute altera democritum cum. Omnes ornatus qui et, te aeterno discere ocurreret sea. Tollit cetero cu usu, etiam evertitur id nec. Id pro unum pertinax oportere, vel ad ridens mollis. Ad ius meis suavitate voluptaria.</p>\r\n\r\n<p>Mei ut errem legimus periculis, eos liber epicurei necessitatibus eu, facilisi postulant vel no. Ad mea commune disputando, cu vel choro exerci. Pri et oratio iisque atomorum, enim detracto mei ne, id eos soleat iudicabit. Ne reque reformidans mei, rebum delicata consequuntur an sit. Sea ad audire utamur. Ut mei ridens minimum intellegat, perpetua euripidis te qui, ad consul intellegebat comprehensam eum.</p>\r\n\r\n<p>Ex vix alienum sadipscing, quod melius philosophia id has. Ad qui quem reprimique, quo possit detracto reprimique no, sint reque officiis ei per. Ea regione commune volutpat pro, fabulas facilis omnesque mei ne. Cu unum detracto comprehensam sea, ad vim ancillae principes, ex usu fugit consulatu. Vis te purto equidem voluptatum.</p>\r\n', '<p>Lorem ipsum dolor sit amet, an labores explicari qui, eu nostrum copiosae argumentum has. Latine propriae quo no, unum ridens expetenda id sit, at usu eius eligendi singulis. Sea ocurreret principes ne. At nonumy aperiri pri, nam quodsi copiosae intellegebat et, ex deserunt euripidis usu. Per ad ullum lobortis.</p>\r\n', '', '', '', 0, 0, 1, 11),
(30, 'Le Reve Pink Cotton Top for Women', '', '31', 28, 'product-featured-30.jpg', '<p>Lorem ipsum dolor sit amet, an labores explicari qui, eu nostrum copiosae argumentum has. Latine propriae quo no, unum ridens expetenda id sit, at usu eius eligendi singulis. Sea ocurreret principes ne. At nonumy aperiri pri, nam quodsi copiosae intellegebat et, ex deserunt euripidis usu. Per ad ullum lobortis. Duo volutpat imperdiet ut, postea salutatus imperdiet ut per, ad utinam debitis invenire has.</p>\r\n\r\n<p>Liber utroque vim an, ne his brute vivendo, est fabulas consetetur appellantur an. In dolore legendos quo, ne ferri noluisse sed. Tantas eligendi at ius. Purto ipsum nemore sit ad.</p>\r\n\r\n<p>Vix tale noluisse voluptua ad, ne brute altera democritum cum. Omnes ornatus qui et, te aeterno discere ocurreret sea. Tollit cetero cu usu, etiam evertitur id nec. Id pro unum pertinax oportere, vel ad ridens mollis. Ad ius meis suavitate voluptaria.</p>\r\n\r\n<p>Mei ut errem legimus periculis, eos liber epicurei necessitatibus eu, facilisi postulant vel no. Ad mea commune disputando, cu vel choro exerci. Pri et oratio iisque atomorum, enim detracto mei ne, id eos soleat iudicabit. Ne reque reformidans mei, rebum delicata consequuntur an sit. Sea ad audire utamur. Ut mei ridens minimum intellegat, perpetua euripidis te qui, ad consul intellegebat comprehensam eum.</p>\r\n\r\n<p>Ex vix alienum sadipscing, quod melius philosophia id has. Ad qui quem reprimique, quo possit detracto reprimique no, sint reque officiis ei per. Ea regione commune volutpat pro, fabulas facilis omnesque mei ne. Cu unum detracto comprehensam sea, ad vim ancillae principes, ex usu fugit consulatu. Vis te purto equidem voluptatum.</p>\r\n', '<p>Lorem ipsum dolor sit amet, an labores explicari qui, eu nostrum copiosae argumentum has. Latine propriae quo no, unum ridens expetenda id sit, at usu eius eligendi singulis. Sea ocurreret principes ne. At nonumy aperiri pri, nam quodsi copiosae intellegebat et, ex deserunt euripidis usu. Per ad ullum lobortis.</p>\r\n', '', '', '', 30, 0, 1, 6),
(31, 'China Georgette Casual Long Sleeves Tops', '', '40', 34, 'product-featured-31.jpg', '<p>Lorem ipsum dolor sit amet, an labores explicari qui, eu nostrum copiosae argumentum has. Latine propriae quo no, unum ridens expetenda id sit, at usu eius eligendi singulis. Sea ocurreret principes ne. At nonumy aperiri pri, nam quodsi copiosae intellegebat et, ex deserunt euripidis usu. Per ad ullum lobortis. Duo volutpat imperdiet ut, postea salutatus imperdiet ut per, ad utinam debitis invenire has.</p>\r\n\r\n<p>Liber utroque vim an, ne his brute vivendo, est fabulas consetetur appellantur an. In dolore legendos quo, ne ferri noluisse sed. Tantas eligendi at ius. Purto ipsum nemore sit ad.</p>\r\n\r\n<p>Vix tale noluisse voluptua ad, ne brute altera democritum cum. Omnes ornatus qui et, te aeterno discere ocurreret sea. Tollit cetero cu usu, etiam evertitur id nec. Id pro unum pertinax oportere, vel ad ridens mollis. Ad ius meis suavitate voluptaria.</p>\r\n\r\n<p>Mei ut errem legimus periculis, eos liber epicurei necessitatibus eu, facilisi postulant vel no. Ad mea commune disputando, cu vel choro exerci. Pri et oratio iisque atomorum, enim detracto mei ne, id eos soleat iudicabit. Ne reque reformidans mei, rebum delicata consequuntur an sit. Sea ad audire utamur. Ut mei ridens minimum intellegat, perpetua euripidis te qui, ad consul intellegebat comprehensam eum.</p>\r\n\r\n<p>Ex vix alienum sadipscing, quod melius philosophia id has. Ad qui quem reprimique, quo possit detracto reprimique no, sint reque officiis ei per. Ea regione commune volutpat pro, fabulas facilis omnesque mei ne. Cu unum detracto comprehensam sea, ad vim ancillae principes, ex usu fugit consulatu. Vis te purto equidem voluptatum.</p>\r\n', '<p>Lorem ipsum dolor sit amet, an labores explicari qui, eu nostrum copiosae argumentum has. Latine propriae quo no, unum ridens expetenda id sit, at usu eius eligendi singulis. Sea ocurreret principes ne. At nonumy aperiri pri, nam quodsi copiosae intellegebat et, ex deserunt euripidis usu. Per ad ullum lobortis.</p>\r\n', '', '', '', 13, 0, 1, 6),
(32, 'Light Purple Georgette Casual Unstitched Tops', '', '42', 39, 'product-featured-32.jpg', '<p>Lorem ipsum dolor sit amet, an labores explicari qui, eu nostrum copiosae argumentum has. Latine propriae quo no, unum ridens expetenda id sit, at usu eius eligendi singulis. Sea ocurreret principes ne. At nonumy aperiri pri, nam quodsi copiosae intellegebat et, ex deserunt euripidis usu. Per ad ullum lobortis. Duo volutpat imperdiet ut, postea salutatus imperdiet ut per, ad utinam debitis invenire has.</p>\r\n\r\n<p>Liber utroque vim an, ne his brute vivendo, est fabulas consetetur appellantur an. In dolore legendos quo, ne ferri noluisse sed. Tantas eligendi at ius. Purto ipsum nemore sit ad.</p>\r\n\r\n<p>Vix tale noluisse voluptua ad, ne brute altera democritum cum. Omnes ornatus qui et, te aeterno discere ocurreret sea. Tollit cetero cu usu, etiam evertitur id nec. Id pro unum pertinax oportere, vel ad ridens mollis. Ad ius meis suavitate voluptaria.</p>\r\n\r\n<p>Mei ut errem legimus periculis, eos liber epicurei necessitatibus eu, facilisi postulant vel no. Ad mea commune disputando, cu vel choro exerci. Pri et oratio iisque atomorum, enim detracto mei ne, id eos soleat iudicabit. Ne reque reformidans mei, rebum delicata consequuntur an sit. Sea ad audire utamur. Ut mei ridens minimum intellegat, perpetua euripidis te qui, ad consul intellegebat comprehensam eum.</p>\r\n\r\n<p>Ex vix alienum sadipscing, quod melius philosophia id has. Ad qui quem reprimique, quo possit detracto reprimique no, sint reque officiis ei per. Ea regione commune volutpat pro, fabulas facilis omnesque mei ne. Cu unum detracto comprehensam sea, ad vim ancillae principes, ex usu fugit consulatu. Vis te purto equidem voluptatum.</p>\r\n', '<p>Lorem ipsum dolor sit amet, an labores explicari qui, eu nostrum copiosae argumentum has. Latine propriae quo no, unum ridens expetenda id sit, at usu eius eligendi singulis. Sea ocurreret principes ne. At nonumy aperiri pri, nam quodsi copiosae intellegebat et, ex deserunt euripidis usu. Per ad ullum lobortis.</p>\r\n', '', '', '', 3, 0, 1, 6),
(33, 'Cotton Casual Long Sleeves Tops Tops', '', '46', 46, 'product-featured-33.jpg', '<p>Lorem ipsum dolor sit amet, an labores explicari qui, eu nostrum copiosae argumentum has. Latine propriae quo no, unum ridens expetenda id sit, at usu eius eligendi singulis. Sea ocurreret principes ne. At nonumy aperiri pri, nam quodsi copiosae intellegebat et, ex deserunt euripidis usu. Per ad ullum lobortis. Duo volutpat imperdiet ut, postea salutatus imperdiet ut per, ad utinam debitis invenire has.</p>\r\n\r\n<p>Liber utroque vim an, ne his brute vivendo, est fabulas consetetur appellantur an. In dolore legendos quo, ne ferri noluisse sed. Tantas eligendi at ius. Purto ipsum nemore sit ad.</p>\r\n\r\n<p>Vix tale noluisse voluptua ad, ne brute altera democritum cum. Omnes ornatus qui et, te aeterno discere ocurreret sea. Tollit cetero cu usu, etiam evertitur id nec. Id pro unum pertinax oportere, vel ad ridens mollis. Ad ius meis suavitate voluptaria.</p>\r\n\r\n<p>Mei ut errem legimus periculis, eos liber epicurei necessitatibus eu, facilisi postulant vel no. Ad mea commune disputando, cu vel choro exerci. Pri et oratio iisque atomorum, enim detracto mei ne, id eos soleat iudicabit. Ne reque reformidans mei, rebum delicata consequuntur an sit. Sea ad audire utamur. Ut mei ridens minimum intellegat, perpetua euripidis te qui, ad consul intellegebat comprehensam eum.</p>\r\n\r\n<p>Ex vix alienum sadipscing, quod melius philosophia id has. Ad qui quem reprimique, quo possit detracto reprimique no, sint reque officiis ei per. Ea regione commune volutpat pro, fabulas facilis omnesque mei ne. Cu unum detracto comprehensam sea, ad vim ancillae principes, ex usu fugit consulatu. Vis te purto equidem voluptatum.</p>\r\n', '<p>Lorem ipsum dolor sit amet, an labores explicari qui, eu nostrum copiosae argumentum has. Latine propriae quo no, unum ridens expetenda id sit, at usu eius eligendi singulis. Sea ocurreret principes ne. At nonumy aperiri pri, nam quodsi copiosae intellegebat et, ex deserunt euripidis usu. Per ad ullum lobortis.</p>\r\n', '', '', '', 1, 0, 1, 6),
(34, 'Fashion Express Cotton Short Sleeve T-Shirt', '', '24', 24, 'product-featured-34.jpg', '<p>Lorem ipsum dolor sit amet, an labores explicari qui, eu nostrum copiosae argumentum has. Latine propriae quo no, unum ridens expetenda id sit, at usu eius eligendi singulis. Sea ocurreret principes ne. At nonumy aperiri pri, nam quodsi copiosae intellegebat et, ex deserunt euripidis usu. Per ad ullum lobortis. Duo volutpat imperdiet ut, postea salutatus imperdiet ut per, ad utinam debitis invenire has.</p>\r\n\r\n<p>Liber utroque vim an, ne his brute vivendo, est fabulas consetetur appellantur an. In dolore legendos quo, ne ferri noluisse sed. Tantas eligendi at ius. Purto ipsum nemore sit ad.</p>\r\n\r\n<p>Vix tale noluisse voluptua ad, ne brute altera democritum cum. Omnes ornatus qui et, te aeterno discere ocurreret sea. Tollit cetero cu usu, etiam evertitur id nec. Id pro unum pertinax oportere, vel ad ridens mollis. Ad ius meis suavitate voluptaria.</p>\r\n\r\n<p>Mei ut errem legimus periculis, eos liber epicurei necessitatibus eu, facilisi postulant vel no. Ad mea commune disputando, cu vel choro exerci. Pri et oratio iisque atomorum, enim detracto mei ne, id eos soleat iudicabit. Ne reque reformidans mei, rebum delicata consequuntur an sit. Sea ad audire utamur. Ut mei ridens minimum intellegat, perpetua euripidis te qui, ad consul intellegebat comprehensam eum.</p>\r\n\r\n<p>Ex vix alienum sadipscing, quod melius philosophia id has. Ad qui quem reprimique, quo possit detracto reprimique no, sint reque officiis ei per. Ea regione commune volutpat pro, fabulas facilis omnesque mei ne. Cu unum detracto comprehensam sea, ad vim ancillae principes, ex usu fugit consulatu. Vis te purto equidem voluptatum.</p>\r\n', '<p>Lorem ipsum dolor sit amet, an labores explicari qui, eu nostrum copiosae argumentum has. Latine propriae quo no, unum ridens expetenda id sit, at usu eius eligendi singulis. Sea ocurreret principes ne. At nonumy aperiri pri, nam quodsi copiosae intellegebat et, ex deserunt euripidis usu. Per ad ullum lobortis.</p>\r\n', '', '', '', 0, 0, 1, 7),
(35, 'Brand Bangla Red Cotton Casual T-shirt ', '', '24', 24, 'product-featured-35.jpg', '<p>Lorem ipsum dolor sit amet, an labores explicari qui, eu nostrum copiosae argumentum has. Latine propriae quo no, unum ridens expetenda id sit, at usu eius eligendi singulis. Sea ocurreret principes ne. At nonumy aperiri pri, nam quodsi copiosae intellegebat et, ex deserunt euripidis usu. Per ad ullum lobortis. Duo volutpat imperdiet ut, postea salutatus imperdiet ut per, ad utinam debitis invenire has.</p>\r\n\r\n<p>Liber utroque vim an, ne his brute vivendo, est fabulas consetetur appellantur an. In dolore legendos quo, ne ferri noluisse sed. Tantas eligendi at ius. Purto ipsum nemore sit ad.</p>\r\n\r\n<p>Vix tale noluisse voluptua ad, ne brute altera democritum cum. Omnes ornatus qui et, te aeterno discere ocurreret sea. Tollit cetero cu usu, etiam evertitur id nec. Id pro unum pertinax oportere, vel ad ridens mollis. Ad ius meis suavitate voluptaria.</p>\r\n\r\n<p>Mei ut errem legimus periculis, eos liber epicurei necessitatibus eu, facilisi postulant vel no. Ad mea commune disputando, cu vel choro exerci. Pri et oratio iisque atomorum, enim detracto mei ne, id eos soleat iudicabit. Ne reque reformidans mei, rebum delicata consequuntur an sit. Sea ad audire utamur. Ut mei ridens minimum intellegat, perpetua euripidis te qui, ad consul intellegebat comprehensam eum.</p>\r\n\r\n<p>Ex vix alienum sadipscing, quod melius philosophia id has. Ad qui quem reprimique, quo possit detracto reprimique no, sint reque officiis ei per. Ea regione commune volutpat pro, fabulas facilis omnesque mei ne. Cu unum detracto comprehensam sea, ad vim ancillae principes, ex usu fugit consulatu. Vis te purto equidem voluptatum.</p>\r\n', '<p>Lorem ipsum dolor sit amet, an labores explicari qui, eu nostrum copiosae argumentum has. Latine propriae quo no, unum ridens expetenda id sit, at usu eius eligendi singulis. Sea ocurreret principes ne. At nonumy aperiri pri, nam quodsi copiosae intellegebat et, ex deserunt euripidis usu. Per ad ullum lobortis.</p>\r\n', '', '', '', 0, 0, 1, 7),
(36, 'Charismatic Purple Cotton T-Shirt', '', '22', 22, 'product-featured-36.jpg', '<p>Lorem ipsum dolor sit amet, an labores explicari qui, eu nostrum copiosae argumentum has. Latine propriae quo no, unum ridens expetenda id sit, at usu eius eligendi singulis. Sea ocurreret principes ne. At nonumy aperiri pri, nam quodsi copiosae intellegebat et, ex deserunt euripidis usu. Per ad ullum lobortis. Duo volutpat imperdiet ut, postea salutatus imperdiet ut per, ad utinam debitis invenire has.</p>\r\n\r\n<p>Liber utroque vim an, ne his brute vivendo, est fabulas consetetur appellantur an. In dolore legendos quo, ne ferri noluisse sed. Tantas eligendi at ius. Purto ipsum nemore sit ad.</p>\r\n\r\n<p>Vix tale noluisse voluptua ad, ne brute altera democritum cum. Omnes ornatus qui et, te aeterno discere ocurreret sea. Tollit cetero cu usu, etiam evertitur id nec. Id pro unum pertinax oportere, vel ad ridens mollis. Ad ius meis suavitate voluptaria.</p>\r\n\r\n<p>Mei ut errem legimus periculis, eos liber epicurei necessitatibus eu, facilisi postulant vel no. Ad mea commune disputando, cu vel choro exerci. Pri et oratio iisque atomorum, enim detracto mei ne, id eos soleat iudicabit. Ne reque reformidans mei, rebum delicata consequuntur an sit. Sea ad audire utamur. Ut mei ridens minimum intellegat, perpetua euripidis te qui, ad consul intellegebat comprehensam eum.</p>\r\n\r\n<p>Ex vix alienum sadipscing, quod melius philosophia id has. Ad qui quem reprimique, quo possit detracto reprimique no, sint reque officiis ei per. Ea regione commune volutpat pro, fabulas facilis omnesque mei ne. Cu unum detracto comprehensam sea, ad vim ancillae principes, ex usu fugit consulatu. Vis te purto equidem voluptatum.</p>\r\n', '<p>Lorem ipsum dolor sit amet, an labores explicari qui, eu nostrum copiosae argumentum has. Latine propriae quo no, unum ridens expetenda id sit, at usu eius eligendi singulis. Sea ocurreret principes ne. At nonumy aperiri pri, nam quodsi copiosae intellegebat et, ex deserunt euripidis usu. Per ad ullum lobortis.</p>\r\n', '', '', '', 0, 0, 1, 7),
(37, 'Brand Bangla White Cotton Casual T-shirt', '', '23', 23, 'product-featured-37.jpg', '<p>Lorem ipsum dolor sit amet, an labores explicari qui, eu nostrum copiosae argumentum has. Latine propriae quo no, unum ridens expetenda id sit, at usu eius eligendi singulis. Sea ocurreret principes ne. At nonumy aperiri pri, nam quodsi copiosae intellegebat et, ex deserunt euripidis usu. Per ad ullum lobortis. Duo volutpat imperdiet ut, postea salutatus imperdiet ut per, ad utinam debitis invenire has.</p>\r\n\r\n<p>Liber utroque vim an, ne his brute vivendo, est fabulas consetetur appellantur an. In dolore legendos quo, ne ferri noluisse sed. Tantas eligendi at ius. Purto ipsum nemore sit ad.</p>\r\n\r\n<p>Vix tale noluisse voluptua ad, ne brute altera democritum cum. Omnes ornatus qui et, te aeterno discere ocurreret sea. Tollit cetero cu usu, etiam evertitur id nec. Id pro unum pertinax oportere, vel ad ridens mollis. Ad ius meis suavitate voluptaria.</p>\r\n\r\n<p>Mei ut errem legimus periculis, eos liber epicurei necessitatibus eu, facilisi postulant vel no. Ad mea commune disputando, cu vel choro exerci. Pri et oratio iisque atomorum, enim detracto mei ne, id eos soleat iudicabit. Ne reque reformidans mei, rebum delicata consequuntur an sit. Sea ad audire utamur. Ut mei ridens minimum intellegat, perpetua euripidis te qui, ad consul intellegebat comprehensam eum.</p>\r\n\r\n<p>Ex vix alienum sadipscing, quod melius philosophia id has. Ad qui quem reprimique, quo possit detracto reprimique no, sint reque officiis ei per. Ea regione commune volutpat pro, fabulas facilis omnesque mei ne. Cu unum detracto comprehensam sea, ad vim ancillae principes, ex usu fugit consulatu. Vis te purto equidem voluptatum.</p>\r\n', '<p>Lorem ipsum dolor sit amet, an labores explicari qui, eu nostrum copiosae argumentum has. Latine propriae quo no, unum ridens expetenda id sit, at usu eius eligendi singulis. Sea ocurreret principes ne. At nonumy aperiri pri, nam quodsi copiosae intellegebat et, ex deserunt euripidis usu. Per ad ullum lobortis.</p>\r\n', '', '', '', 1, 0, 1, 7),
(38, 'Printed White Cotton Short Sleeves T-Shirt', '', '25', 25, 'product-featured-38.jpg', '<p>Lorem ipsum dolor sit amet, an labores explicari qui, eu nostrum copiosae argumentum has. Latine propriae quo no, unum ridens expetenda id sit, at usu eius eligendi singulis. Sea ocurreret principes ne. At nonumy aperiri pri, nam quodsi copiosae intellegebat et, ex deserunt euripidis usu. Per ad ullum lobortis. Duo volutpat imperdiet ut, postea salutatus imperdiet ut per, ad utinam debitis invenire has.</p>\r\n\r\n<p>Liber utroque vim an, ne his brute vivendo, est fabulas consetetur appellantur an. In dolore legendos quo, ne ferri noluisse sed. Tantas eligendi at ius. Purto ipsum nemore sit ad.</p>\r\n\r\n<p>Vix tale noluisse voluptua ad, ne brute altera democritum cum. Omnes ornatus qui et, te aeterno discere ocurreret sea. Tollit cetero cu usu, etiam evertitur id nec. Id pro unum pertinax oportere, vel ad ridens mollis. Ad ius meis suavitate voluptaria.</p>\r\n\r\n<p>Mei ut errem legimus periculis, eos liber epicurei necessitatibus eu, facilisi postulant vel no. Ad mea commune disputando, cu vel choro exerci. Pri et oratio iisque atomorum, enim detracto mei ne, id eos soleat iudicabit. Ne reque reformidans mei, rebum delicata consequuntur an sit. Sea ad audire utamur. Ut mei ridens minimum intellegat, perpetua euripidis te qui, ad consul intellegebat comprehensam eum.</p>\r\n\r\n<p>Ex vix alienum sadipscing, quod melius philosophia id has. Ad qui quem reprimique, quo possit detracto reprimique no, sint reque officiis ei per. Ea regione commune volutpat pro, fabulas facilis omnesque mei ne. Cu unum detracto comprehensam sea, ad vim ancillae principes, ex usu fugit consulatu. Vis te purto equidem voluptatum.</p>\r\n', '<p>Lorem ipsum dolor sit amet, an labores explicari qui, eu nostrum copiosae argumentum has. Latine propriae quo no, unum ridens expetenda id sit, at usu eius eligendi singulis. Sea ocurreret principes ne. At nonumy aperiri pri, nam quodsi copiosae intellegebat et, ex deserunt euripidis usu. Per ad ullum lobortis.</p>\r\n', '', '', '', 0, 0, 1, 7),
(39, 'Yes Buy Stoned Choker Necklace for Women', '', '34', 12, 'product-featured-39.jpg', '<p>Lorem ipsum dolor sit amet, an labores explicari qui, eu nostrum copiosae argumentum has. Latine propriae quo no, unum ridens expetenda id sit, at usu eius eligendi singulis. Sea ocurreret principes ne. At nonumy aperiri pri, nam quodsi copiosae intellegebat et, ex deserunt euripidis usu. Per ad ullum lobortis. Duo volutpat imperdiet ut, postea salutatus imperdiet ut per, ad utinam debitis invenire has.</p>\r\n\r\n<p>Liber utroque vim an, ne his brute vivendo, est fabulas consetetur appellantur an. In dolore legendos quo, ne ferri noluisse sed. Tantas eligendi at ius. Purto ipsum nemore sit ad.</p>\r\n\r\n<p>Vix tale noluisse voluptua ad, ne brute altera democritum cum. Omnes ornatus qui et, te aeterno discere ocurreret sea. Tollit cetero cu usu, etiam evertitur id nec. Id pro unum pertinax oportere, vel ad ridens mollis. Ad ius meis suavitate voluptaria.</p>\r\n\r\n<p>Mei ut errem legimus periculis, eos liber epicurei necessitatibus eu, facilisi postulant vel no. Ad mea commune disputando, cu vel choro exerci. Pri et oratio iisque atomorum, enim detracto mei ne, id eos soleat iudicabit. Ne reque reformidans mei, rebum delicata consequuntur an sit. Sea ad audire utamur. Ut mei ridens minimum intellegat, perpetua euripidis te qui, ad consul intellegebat comprehensam eum.</p>\r\n\r\n<p>Ex vix alienum sadipscing, quod melius philosophia id has. Ad qui quem reprimique, quo possit detracto reprimique no, sint reque officiis ei per. Ea regione commune volutpat pro, fabulas facilis omnesque mei ne. Cu unum detracto comprehensam sea, ad vim ancillae principes, ex usu fugit consulatu. Vis te purto equidem voluptatum.</p>\r\n', '<p>Lorem ipsum dolor sit amet, an labores explicari qui, eu nostrum copiosae argumentum has. Latine propriae quo no, unum ridens expetenda id sit, at usu eius eligendi singulis. Sea ocurreret principes ne. At nonumy aperiri pri, nam quodsi copiosae intellegebat et, ex deserunt euripidis usu. Per ad ullum lobortis.</p>\r\n', '', '', '', 3, 0, 1, 8),
(40, 'Opolok Golden Zinc Alloy Necklace', '', '24', 15, 'product-featured-40.jpg', '<p>Lorem ipsum dolor sit amet, an labores explicari qui, eu nostrum copiosae argumentum has. Latine propriae quo no, unum ridens expetenda id sit, at usu eius eligendi singulis. Sea ocurreret principes ne. At nonumy aperiri pri, nam quodsi copiosae intellegebat et, ex deserunt euripidis usu. Per ad ullum lobortis. Duo volutpat imperdiet ut, postea salutatus imperdiet ut per, ad utinam debitis invenire has.</p>\r\n\r\n<p>Liber utroque vim an, ne his brute vivendo, est fabulas consetetur appellantur an. In dolore legendos quo, ne ferri noluisse sed. Tantas eligendi at ius. Purto ipsum nemore sit ad.</p>\r\n\r\n<p>Vix tale noluisse voluptua ad, ne brute altera democritum cum. Omnes ornatus qui et, te aeterno discere ocurreret sea. Tollit cetero cu usu, etiam evertitur id nec. Id pro unum pertinax oportere, vel ad ridens mollis. Ad ius meis suavitate voluptaria.</p>\r\n\r\n<p>Mei ut errem legimus periculis, eos liber epicurei necessitatibus eu, facilisi postulant vel no. Ad mea commune disputando, cu vel choro exerci. Pri et oratio iisque atomorum, enim detracto mei ne, id eos soleat iudicabit. Ne reque reformidans mei, rebum delicata consequuntur an sit. Sea ad audire utamur. Ut mei ridens minimum intellegat, perpetua euripidis te qui, ad consul intellegebat comprehensam eum.</p>\r\n\r\n<p>Ex vix alienum sadipscing, quod melius philosophia id has. Ad qui quem reprimique, quo possit detracto reprimique no, sint reque officiis ei per. Ea regione commune volutpat pro, fabulas facilis omnesque mei ne. Cu unum detracto comprehensam sea, ad vim ancillae principes, ex usu fugit consulatu. Vis te purto equidem voluptatum.</p>\r\n', '<p>Lorem ipsum dolor sit amet, an labores explicari qui, eu nostrum copiosae argumentum has. Latine propriae quo no, unum ridens expetenda id sit, at usu eius eligendi singulis. Sea ocurreret principes ne. At nonumy aperiri pri, nam quodsi copiosae intellegebat et, ex deserunt euripidis usu. Per ad ullum lobortis.</p>\r\n', '', '', '', 0, 0, 1, 8),
(41, 'Combo of Ring and Necklace for Women', '', '24', 18, 'product-featured-41.jpg', '<p>Lorem ipsum dolor sit amet, an labores explicari qui, eu nostrum copiosae argumentum has. Latine propriae quo no, unum ridens expetenda id sit, at usu eius eligendi singulis. Sea ocurreret principes ne. At nonumy aperiri pri, nam quodsi copiosae intellegebat et, ex deserunt euripidis usu. Per ad ullum lobortis. Duo volutpat imperdiet ut, postea salutatus imperdiet ut per, ad utinam debitis invenire has.</p>\r\n\r\n<p>Liber utroque vim an, ne his brute vivendo, est fabulas consetetur appellantur an. In dolore legendos quo, ne ferri noluisse sed. Tantas eligendi at ius. Purto ipsum nemore sit ad.</p>\r\n\r\n<p>Vix tale noluisse voluptua ad, ne brute altera democritum cum. Omnes ornatus qui et, te aeterno discere ocurreret sea. Tollit cetero cu usu, etiam evertitur id nec. Id pro unum pertinax oportere, vel ad ridens mollis. Ad ius meis suavitate voluptaria.</p>\r\n\r\n<p>Mei ut errem legimus periculis, eos liber epicurei necessitatibus eu, facilisi postulant vel no. Ad mea commune disputando, cu vel choro exerci. Pri et oratio iisque atomorum, enim detracto mei ne, id eos soleat iudicabit. Ne reque reformidans mei, rebum delicata consequuntur an sit. Sea ad audire utamur. Ut mei ridens minimum intellegat, perpetua euripidis te qui, ad consul intellegebat comprehensam eum.</p>\r\n\r\n<p>Ex vix alienum sadipscing, quod melius philosophia id has. Ad qui quem reprimique, quo possit detracto reprimique no, sint reque officiis ei per. Ea regione commune volutpat pro, fabulas facilis omnesque mei ne. Cu unum detracto comprehensam sea, ad vim ancillae principes, ex usu fugit consulatu. Vis te purto equidem voluptatum.</p>\r\n', '<p>Lorem ipsum dolor sit amet, an labores explicari qui, eu nostrum copiosae argumentum has. Latine propriae quo no, unum ridens expetenda id sit, at usu eius eligendi singulis. Sea ocurreret principes ne. At nonumy aperiri pri, nam quodsi copiosae intellegebat et, ex deserunt euripidis usu. Per ad ullum lobortis.</p>\r\n', '', '', '', 0, 0, 1, 8),
(42, 'Zinc Alloy Cubic Zirconia Geometry Strip Rings ', '', '32', 18, 'product-featured-42.jpg', '<p>Lorem ipsum dolor sit amet, an labores explicari qui, eu nostrum copiosae argumentum has. Latine propriae quo no, unum ridens expetenda id sit, at usu eius eligendi singulis. Sea ocurreret principes ne. At nonumy aperiri pri, nam quodsi copiosae intellegebat et, ex deserunt euripidis usu. Per ad ullum lobortis. Duo volutpat imperdiet ut, postea salutatus imperdiet ut per, ad utinam debitis invenire has.</p>\r\n\r\n<p>Liber utroque vim an, ne his brute vivendo, est fabulas consetetur appellantur an. In dolore legendos quo, ne ferri noluisse sed. Tantas eligendi at ius. Purto ipsum nemore sit ad.</p>\r\n\r\n<p>Vix tale noluisse voluptua ad, ne brute altera democritum cum. Omnes ornatus qui et, te aeterno discere ocurreret sea. Tollit cetero cu usu, etiam evertitur id nec. Id pro unum pertinax oportere, vel ad ridens mollis. Ad ius meis suavitate voluptaria.</p>\r\n\r\n<p>Mei ut errem legimus periculis, eos liber epicurei necessitatibus eu, facilisi postulant vel no. Ad mea commune disputando, cu vel choro exerci. Pri et oratio iisque atomorum, enim detracto mei ne, id eos soleat iudicabit. Ne reque reformidans mei, rebum delicata consequuntur an sit. Sea ad audire utamur. Ut mei ridens minimum intellegat, perpetua euripidis te qui, ad consul intellegebat comprehensam eum.</p>\r\n\r\n<p>Ex vix alienum sadipscing, quod melius philosophia id has. Ad qui quem reprimique, quo possit detracto reprimique no, sint reque officiis ei per. Ea regione commune volutpat pro, fabulas facilis omnesque mei ne. Cu unum detracto comprehensam sea, ad vim ancillae principes, ex usu fugit consulatu. Vis te purto equidem voluptatum.</p>\r\n', '<p>Lorem ipsum dolor sit amet, an labores explicari qui, eu nostrum copiosae argumentum has. Latine propriae quo no, unum ridens expetenda id sit, at usu eius eligendi singulis. Sea ocurreret principes ne. At nonumy aperiri pri, nam quodsi copiosae intellegebat et, ex deserunt euripidis usu. Per ad ullum lobortis.</p>\r\n', '', '', '', 0, 0, 1, 9),
(43, 'Cubic Zirconia Stainless Steel Rings', '', '23', 12, 'product-featured-43.jpg', '<p>Lorem ipsum dolor sit amet, an labores explicari qui, eu nostrum copiosae argumentum has. Latine propriae quo no, unum ridens expetenda id sit, at usu eius eligendi singulis. Sea ocurreret principes ne. At nonumy aperiri pri, nam quodsi copiosae intellegebat et, ex deserunt euripidis usu. Per ad ullum lobortis. Duo volutpat imperdiet ut, postea salutatus imperdiet ut per, ad utinam debitis invenire has.</p>\r\n\r\n<p>Liber utroque vim an, ne his brute vivendo, est fabulas consetetur appellantur an. In dolore legendos quo, ne ferri noluisse sed. Tantas eligendi at ius. Purto ipsum nemore sit ad.</p>\r\n\r\n<p>Vix tale noluisse voluptua ad, ne brute altera democritum cum. Omnes ornatus qui et, te aeterno discere ocurreret sea. Tollit cetero cu usu, etiam evertitur id nec. Id pro unum pertinax oportere, vel ad ridens mollis. Ad ius meis suavitate voluptaria.</p>\r\n\r\n<p>Mei ut errem legimus periculis, eos liber epicurei necessitatibus eu, facilisi postulant vel no. Ad mea commune disputando, cu vel choro exerci. Pri et oratio iisque atomorum, enim detracto mei ne, id eos soleat iudicabit. Ne reque reformidans mei, rebum delicata consequuntur an sit. Sea ad audire utamur. Ut mei ridens minimum intellegat, perpetua euripidis te qui, ad consul intellegebat comprehensam eum.</p>\r\n\r\n<p>Ex vix alienum sadipscing, quod melius philosophia id has. Ad qui quem reprimique, quo possit detracto reprimique no, sint reque officiis ei per. Ea regione commune volutpat pro, fabulas facilis omnesque mei ne. Cu unum detracto comprehensam sea, ad vim ancillae principes, ex usu fugit consulatu. Vis te purto equidem voluptatum.</p>\r\n', '<p>Lorem ipsum dolor sit amet, an labores explicari qui, eu nostrum copiosae argumentum has. Latine propriae quo no, unum ridens expetenda id sit, at usu eius eligendi singulis. Sea ocurreret principes ne. At nonumy aperiri pri, nam quodsi copiosae intellegebat et, ex deserunt euripidis usu. Per ad ullum lobortis.</p>\r\n', '', '', '', 0, 0, 1, 9),
(44, 'Rose Arrow Gold Plated Finger Ring', '', '23', 12, 'product-featured-44.jpg', '<p>Lorem ipsum dolor sit amet, an labores explicari qui, eu nostrum copiosae argumentum has. Latine propriae quo no, unum ridens expetenda id sit, at usu eius eligendi singulis. Sea ocurreret principes ne. At nonumy aperiri pri, nam quodsi copiosae intellegebat et, ex deserunt euripidis usu. Per ad ullum lobortis. Duo volutpat imperdiet ut, postea salutatus imperdiet ut per, ad utinam debitis invenire has.</p>\r\n\r\n<p>Liber utroque vim an, ne his brute vivendo, est fabulas consetetur appellantur an. In dolore legendos quo, ne ferri noluisse sed. Tantas eligendi at ius. Purto ipsum nemore sit ad.</p>\r\n\r\n<p>Vix tale noluisse voluptua ad, ne brute altera democritum cum. Omnes ornatus qui et, te aeterno discere ocurreret sea. Tollit cetero cu usu, etiam evertitur id nec. Id pro unum pertinax oportere, vel ad ridens mollis. Ad ius meis suavitate voluptaria.</p>\r\n\r\n<p>Mei ut errem legimus periculis, eos liber epicurei necessitatibus eu, facilisi postulant vel no. Ad mea commune disputando, cu vel choro exerci. Pri et oratio iisque atomorum, enim detracto mei ne, id eos soleat iudicabit. Ne reque reformidans mei, rebum delicata consequuntur an sit. Sea ad audire utamur. Ut mei ridens minimum intellegat, perpetua euripidis te qui, ad consul intellegebat comprehensam eum.</p>\r\n\r\n<p>Ex vix alienum sadipscing, quod melius philosophia id has. Ad qui quem reprimique, quo possit detracto reprimique no, sint reque officiis ei per. Ea regione commune volutpat pro, fabulas facilis omnesque mei ne. Cu unum detracto comprehensam sea, ad vim ancillae principes, ex usu fugit consulatu. Vis te purto equidem voluptatum.</p>\r\n', '<p>Lorem ipsum dolor sit amet, an labores explicari qui, eu nostrum copiosae argumentum has. Latine propriae quo no, unum ridens expetenda id sit, at usu eius eligendi singulis. Sea ocurreret principes ne. At nonumy aperiri pri, nam quodsi copiosae intellegebat et, ex deserunt euripidis usu. Per ad ullum lobortis.</p>\r\n', '', '', '', 0, 0, 1, 9),
(45, 'Chemical Glove - Black', '', '14', 33, 'product-featured-45.jpg', '<p>Lorem ipsum dolor sit amet, an labores explicari qui, eu nostrum copiosae argumentum has. Latine propriae quo no, unum ridens expetenda id sit, at usu eius eligendi singulis. Sea ocurreret principes ne. At nonumy aperiri pri, nam quodsi copiosae intellegebat et, ex deserunt euripidis usu. Per ad ullum lobortis. Duo volutpat imperdiet ut, postea salutatus imperdiet ut per, ad utinam debitis invenire has.</p>\r\n\r\n<p>Liber utroque vim an, ne his brute vivendo, est fabulas consetetur appellantur an. In dolore legendos quo, ne ferri noluisse sed. Tantas eligendi at ius. Purto ipsum nemore sit ad.</p>\r\n\r\n<p>Vix tale noluisse voluptua ad, ne brute altera democritum cum. Omnes ornatus qui et, te aeterno discere ocurreret sea. Tollit cetero cu usu, etiam evertitur id nec. Id pro unum pertinax oportere, vel ad ridens mollis. Ad ius meis suavitate voluptaria.</p>\r\n\r\n<p>Mei ut errem legimus periculis, eos liber epicurei necessitatibus eu, facilisi postulant vel no. Ad mea commune disputando, cu vel choro exerci. Pri et oratio iisque atomorum, enim detracto mei ne, id eos soleat iudicabit. Ne reque reformidans mei, rebum delicata consequuntur an sit. Sea ad audire utamur. Ut mei ridens minimum intellegat, perpetua euripidis te qui, ad consul intellegebat comprehensam eum.</p>\r\n\r\n<p>Ex vix alienum sadipscing, quod melius philosophia id has. Ad qui quem reprimique, quo possit detracto reprimique no, sint reque officiis ei per. Ea regione commune volutpat pro, fabulas facilis omnesque mei ne. Cu unum detracto comprehensam sea, ad vim ancillae principes, ex usu fugit consulatu. Vis te purto equidem voluptatum.</p>\r\n\r\n<p>Detracto contentiones te est, brute ipsum consul an vis. Mea ei regione blandit ullamcorper, definiebas constituam vix ei. At his ludus nonumes gloriatur. Ne vim tamquam nonumes.</p>\r\n', '<p>Lorem ipsum dolor sit amet, an labores explicari qui, eu nostrum copiosae argumentum has. Latine propriae quo no, unum ridens expetenda id sit, at usu eius eligendi singulis. Sea ocurreret principes ne. At nonumy aperiri pri, nam quodsi copiosae intellegebat et, ex deserunt euripidis usu. Per ad ullum lobortis.</p>\r\n', '', '', '', 0, 0, 1, 16),
(46, 'Safa Leather Winter Hand Gloves', '', '18', 33, 'product-featured-46.jpg', '<p>Lorem ipsum dolor sit amet, an labores explicari qui, eu nostrum copiosae argumentum has. Latine propriae quo no, unum ridens expetenda id sit, at usu eius eligendi singulis. Sea ocurreret principes ne. At nonumy aperiri pri, nam quodsi copiosae intellegebat et, ex deserunt euripidis usu. Per ad ullum lobortis. Duo volutpat imperdiet ut, postea salutatus imperdiet ut per, ad utinam debitis invenire has.</p>\r\n\r\n<p>Liber utroque vim an, ne his brute vivendo, est fabulas consetetur appellantur an. In dolore legendos quo, ne ferri noluisse sed. Tantas eligendi at ius. Purto ipsum nemore sit ad.</p>\r\n\r\n<p>Vix tale noluisse voluptua ad, ne brute altera democritum cum. Omnes ornatus qui et, te aeterno discere ocurreret sea. Tollit cetero cu usu, etiam evertitur id nec. Id pro unum pertinax oportere, vel ad ridens mollis. Ad ius meis suavitate voluptaria.</p>\r\n\r\n<p>Mei ut errem legimus periculis, eos liber epicurei necessitatibus eu, facilisi postulant vel no. Ad mea commune disputando, cu vel choro exerci. Pri et oratio iisque atomorum, enim detracto mei ne, id eos soleat iudicabit. Ne reque reformidans mei, rebum delicata consequuntur an sit. Sea ad audire utamur. Ut mei ridens minimum intellegat, perpetua euripidis te qui, ad consul intellegebat comprehensam eum.</p>\r\n\r\n<p>Ex vix alienum sadipscing, quod melius philosophia id has. Ad qui quem reprimique, quo possit detracto reprimique no, sint reque officiis ei per. Ea regione commune volutpat pro, fabulas facilis omnesque mei ne. Cu unum detracto comprehensam sea, ad vim ancillae principes, ex usu fugit consulatu. Vis te purto equidem voluptatum.</p>\r\n\r\n<p>Detracto contentiones te est, brute ipsum consul an vis. Mea ei regione blandit ullamcorper, definiebas constituam vix ei. At his ludus nonumes gloriatur. Ne vim tamquam nonumes.</p>\r\n', '<p>Lorem ipsum dolor sit amet, an labores explicari qui, eu nostrum copiosae argumentum has. Latine propriae quo no, unum ridens expetenda id sit, at usu eius eligendi singulis. Sea ocurreret principes ne. At nonumy aperiri pri, nam quodsi copiosae intellegebat et, ex deserunt euripidis usu. Per ad ullum lobortis.</p>\r\n', '', '', '', 0, 0, 1, 16),
(47, 'Safa Leather Winter Hand Gloves', '', '15', 13, 'product-featured-47.jpg', '<p>Lorem ipsum dolor sit amet, an labores explicari qui, eu nostrum copiosae argumentum has. Latine propriae quo no, unum ridens expetenda id sit, at usu eius eligendi singulis. Sea ocurreret principes ne. At nonumy aperiri pri, nam quodsi copiosae intellegebat et, ex deserunt euripidis usu. Per ad ullum lobortis. Duo volutpat imperdiet ut, postea salutatus imperdiet ut per, ad utinam debitis invenire has.</p>\r\n\r\n<p>Liber utroque vim an, ne his brute vivendo, est fabulas consetetur appellantur an. In dolore legendos quo, ne ferri noluisse sed. Tantas eligendi at ius. Purto ipsum nemore sit ad.</p>\r\n\r\n<p>Vix tale noluisse voluptua ad, ne brute altera democritum cum. Omnes ornatus qui et, te aeterno discere ocurreret sea. Tollit cetero cu usu, etiam evertitur id nec. Id pro unum pertinax oportere, vel ad ridens mollis. Ad ius meis suavitate voluptaria.</p>\r\n\r\n<p>Mei ut errem legimus periculis, eos liber epicurei necessitatibus eu, facilisi postulant vel no. Ad mea commune disputando, cu vel choro exerci. Pri et oratio iisque atomorum, enim detracto mei ne, id eos soleat iudicabit. Ne reque reformidans mei, rebum delicata consequuntur an sit. Sea ad audire utamur. Ut mei ridens minimum intellegat, perpetua euripidis te qui, ad consul intellegebat comprehensam eum.</p>\r\n\r\n<p>Ex vix alienum sadipscing, quod melius philosophia id has. Ad qui quem reprimique, quo possit detracto reprimique no, sint reque officiis ei per. Ea regione commune volutpat pro, fabulas facilis omnesque mei ne. Cu unum detracto comprehensam sea, ad vim ancillae principes, ex usu fugit consulatu. Vis te purto equidem voluptatum.</p>\r\n\r\n<p>Detracto contentiones te est, brute ipsum consul an vis. Mea ei regione blandit ullamcorper, definiebas constituam vix ei. At his ludus nonumes gloriatur. Ne vim tamquam nonumes.</p>\r\n', '<p>Lorem ipsum dolor sit amet, an labores explicari qui, eu nostrum copiosae argumentum has. Latine propriae quo no, unum ridens expetenda id sit, at usu eius eligendi singulis. Sea ocurreret principes ne. At nonumy aperiri pri, nam quodsi copiosae intellegebat et, ex deserunt euripidis usu. Per ad ullum lobortis.</p>\r\n', '', '', '', 0, 0, 1, 16),
(48, 'Safa Leather Winter Hand Gloves', '', '18', 18, 'product-featured-48.jpg', '<p>Lorem ipsum dolor sit amet, an labores explicari qui, eu nostrum copiosae argumentum has. Latine propriae quo no, unum ridens expetenda id sit, at usu eius eligendi singulis. Sea ocurreret principes ne. At nonumy aperiri pri, nam quodsi copiosae intellegebat et, ex deserunt euripidis usu. Per ad ullum lobortis. Duo volutpat imperdiet ut, postea salutatus imperdiet ut per, ad utinam debitis invenire has.</p>\r\n\r\n<p>Liber utroque vim an, ne his brute vivendo, est fabulas consetetur appellantur an. In dolore legendos quo, ne ferri noluisse sed. Tantas eligendi at ius. Purto ipsum nemore sit ad.</p>\r\n\r\n<p>Vix tale noluisse voluptua ad, ne brute altera democritum cum. Omnes ornatus qui et, te aeterno discere ocurreret sea. Tollit cetero cu usu, etiam evertitur id nec. Id pro unum pertinax oportere, vel ad ridens mollis. Ad ius meis suavitate voluptaria.</p>\r\n\r\n<p>Mei ut errem legimus periculis, eos liber epicurei necessitatibus eu, facilisi postulant vel no. Ad mea commune disputando, cu vel choro exerci. Pri et oratio iisque atomorum, enim detracto mei ne, id eos soleat iudicabit. Ne reque reformidans mei, rebum delicata consequuntur an sit. Sea ad audire utamur. Ut mei ridens minimum intellegat, perpetua euripidis te qui, ad consul intellegebat comprehensam eum.</p>\r\n\r\n<p>Ex vix alienum sadipscing, quod melius philosophia id has. Ad qui quem reprimique, quo possit detracto reprimique no, sint reque officiis ei per. Ea regione commune volutpat pro, fabulas facilis omnesque mei ne. Cu unum detracto comprehensam sea, ad vim ancillae principes, ex usu fugit consulatu. Vis te purto equidem voluptatum.</p>\r\n\r\n<p>Detracto contentiones te est, brute ipsum consul an vis. Mea ei regione blandit ullamcorper, definiebas constituam vix ei. At his ludus nonumes gloriatur. Ne vim tamquam nonumes.</p>\r\n', '<p>Lorem ipsum dolor sit amet, an labores explicari qui, eu nostrum copiosae argumentum has. Latine propriae quo no, unum ridens expetenda id sit, at usu eius eligendi singulis. Sea ocurreret principes ne. At nonumy aperiri pri, nam quodsi copiosae intellegebat et, ex deserunt euripidis usu. Per ad ullum lobortis.</p>\r\n', '', '', '', 0, 0, 1, 16),
(49, 'Aynaghor Black Phillies Jacket for Men', '', '30', 30, 'product-featured-49.jpg', '<p>Lorem ipsum dolor sit amet, an labores explicari qui, eu nostrum copiosae argumentum has. Latine propriae quo no, unum ridens expetenda id sit, at usu eius eligendi singulis. Sea ocurreret principes ne. At nonumy aperiri pri, nam quodsi copiosae intellegebat et, ex deserunt euripidis usu. Per ad ullum lobortis. Duo volutpat imperdiet ut, postea salutatus imperdiet ut per, ad utinam debitis invenire has.</p>\r\n\r\n<p>Liber utroque vim an, ne his brute vivendo, est fabulas consetetur appellantur an. In dolore legendos quo, ne ferri noluisse sed. Tantas eligendi at ius. Purto ipsum nemore sit ad.</p>\r\n\r\n<p>Vix tale noluisse voluptua ad, ne brute altera democritum cum. Omnes ornatus qui et, te aeterno discere ocurreret sea. Tollit cetero cu usu, etiam evertitur id nec. Id pro unum pertinax oportere, vel ad ridens mollis. Ad ius meis suavitate voluptaria.</p>\r\n\r\n<p>Mei ut errem legimus periculis, eos liber epicurei necessitatibus eu, facilisi postulant vel no. Ad mea commune disputando, cu vel choro exerci. Pri et oratio iisque atomorum, enim detracto mei ne, id eos soleat iudicabit. Ne reque reformidans mei, rebum delicata consequuntur an sit. Sea ad audire utamur. Ut mei ridens minimum intellegat, perpetua euripidis te qui, ad consul intellegebat comprehensam eum.</p>\r\n\r\n<p>Ex vix alienum sadipscing, quod melius philosophia id has. Ad qui quem reprimique, quo possit detracto reprimique no, sint reque officiis ei per. Ea regione commune volutpat pro, fabulas facilis omnesque mei ne. Cu unum detracto comprehensam sea, ad vim ancillae principes, ex usu fugit consulatu. Vis te purto equidem voluptatum.</p>\r\n\r\n<p>Detracto contentiones te est, brute ipsum consul an vis. Mea ei regione blandit ullamcorper, definiebas constituam vix ei. At his ludus nonumes gloriatur. Ne vim tamquam nonumes.</p>\r\n', '<p>Lorem ipsum dolor sit amet, an labores explicari qui, eu nostrum copiosae argumentum has. Latine propriae quo no, unum ridens expetenda id sit, at usu eius eligendi singulis. Sea ocurreret principes ne. At nonumy aperiri pri, nam quodsi copiosae intellegebat et, ex deserunt euripidis usu. Per ad ullum lobortis.</p>\r\n', '', '', '', 0, 0, 1, 17),
(50, 'Black PU Leather Jacket For Men', '', '32', 23, 'product-featured-50.jpg', '<p>Lorem ipsum dolor sit amet, an labores explicari qui, eu nostrum copiosae argumentum has. Latine propriae quo no, unum ridens expetenda id sit, at usu eius eligendi singulis. Sea ocurreret principes ne. At nonumy aperiri pri, nam quodsi copiosae intellegebat et, ex deserunt euripidis usu. Per ad ullum lobortis. Duo volutpat imperdiet ut, postea salutatus imperdiet ut per, ad utinam debitis invenire has.</p>\r\n\r\n<p>Liber utroque vim an, ne his brute vivendo, est fabulas consetetur appellantur an. In dolore legendos quo, ne ferri noluisse sed. Tantas eligendi at ius. Purto ipsum nemore sit ad.</p>\r\n\r\n<p>Vix tale noluisse voluptua ad, ne brute altera democritum cum. Omnes ornatus qui et, te aeterno discere ocurreret sea. Tollit cetero cu usu, etiam evertitur id nec. Id pro unum pertinax oportere, vel ad ridens mollis. Ad ius meis suavitate voluptaria.</p>\r\n\r\n<p>Mei ut errem legimus periculis, eos liber epicurei necessitatibus eu, facilisi postulant vel no. Ad mea commune disputando, cu vel choro exerci. Pri et oratio iisque atomorum, enim detracto mei ne, id eos soleat iudicabit. Ne reque reformidans mei, rebum delicata consequuntur an sit. Sea ad audire utamur. Ut mei ridens minimum intellegat, perpetua euripidis te qui, ad consul intellegebat comprehensam eum.</p>\r\n\r\n<p>Ex vix alienum sadipscing, quod melius philosophia id has. Ad qui quem reprimique, quo possit detracto reprimique no, sint reque officiis ei per. Ea regione commune volutpat pro, fabulas facilis omnesque mei ne. Cu unum detracto comprehensam sea, ad vim ancillae principes, ex usu fugit consulatu. Vis te purto equidem voluptatum.</p>\r\n\r\n<p>Detracto contentiones te est, brute ipsum consul an vis. Mea ei regione blandit ullamcorper, definiebas constituam vix ei. At his ludus nonumes gloriatur. Ne vim tamquam nonumes.</p>\r\n', '<p>Lorem ipsum dolor sit amet, an labores explicari qui, eu nostrum copiosae argumentum has. Latine propriae quo no, unum ridens expetenda id sit, at usu eius eligendi singulis. Sea ocurreret principes ne. At nonumy aperiri pri, nam quodsi copiosae intellegebat et, ex deserunt euripidis usu. Per ad ullum lobortis.</p>\r\n', '', '', '', 0, 0, 1, 17);
INSERT INTO `tbl_product` (`p_id`, `p_name`, `p_old_price`, `p_current_price`, `p_qty`, `p_featured_photo`, `p_description`, `p_short_description`, `p_feature`, `p_condition`, `p_return_policy`, `p_total_view`, `p_is_featured`, `p_is_active`, `ecat_id`) VALUES
(51, 'Black Cotton Casual Jacket For Men', '', '36', 22, 'product-featured-51.jpg', '<p>Lorem ipsum dolor sit amet, an labores explicari qui, eu nostrum copiosae argumentum has. Latine propriae quo no, unum ridens expetenda id sit, at usu eius eligendi singulis. Sea ocurreret principes ne. At nonumy aperiri pri, nam quodsi copiosae intellegebat et, ex deserunt euripidis usu. Per ad ullum lobortis. Duo volutpat imperdiet ut, postea salutatus imperdiet ut per, ad utinam debitis invenire has.</p>\r\n\r\n<p>Liber utroque vim an, ne his brute vivendo, est fabulas consetetur appellantur an. In dolore legendos quo, ne ferri noluisse sed. Tantas eligendi at ius. Purto ipsum nemore sit ad.</p>\r\n\r\n<p>Vix tale noluisse voluptua ad, ne brute altera democritum cum. Omnes ornatus qui et, te aeterno discere ocurreret sea. Tollit cetero cu usu, etiam evertitur id nec. Id pro unum pertinax oportere, vel ad ridens mollis. Ad ius meis suavitate voluptaria.</p>\r\n\r\n<p>Mei ut errem legimus periculis, eos liber epicurei necessitatibus eu, facilisi postulant vel no. Ad mea commune disputando, cu vel choro exerci. Pri et oratio iisque atomorum, enim detracto mei ne, id eos soleat iudicabit. Ne reque reformidans mei, rebum delicata consequuntur an sit. Sea ad audire utamur. Ut mei ridens minimum intellegat, perpetua euripidis te qui, ad consul intellegebat comprehensam eum.</p>\r\n\r\n<p>Ex vix alienum sadipscing, quod melius philosophia id has. Ad qui quem reprimique, quo possit detracto reprimique no, sint reque officiis ei per. Ea regione commune volutpat pro, fabulas facilis omnesque mei ne. Cu unum detracto comprehensam sea, ad vim ancillae principes, ex usu fugit consulatu. Vis te purto equidem voluptatum.</p>\r\n\r\n<p>Detracto contentiones te est, brute ipsum consul an vis. Mea ei regione blandit ullamcorper, definiebas constituam vix ei. At his ludus nonumes gloriatur. Ne vim tamquam nonumes.</p>\r\n', '<p>Lorem ipsum dolor sit amet, an labores explicari qui, eu nostrum copiosae argumentum has. Latine propriae quo no, unum ridens expetenda id sit, at usu eius eligendi singulis. Sea ocurreret principes ne. At nonumy aperiri pri, nam quodsi copiosae intellegebat et, ex deserunt euripidis usu. Per ad ullum lobortis.</p>\r\n', '', '', '', 0, 0, 1, 17),
(52, 'Black PU Leather Jacket For Men', '', '38', 34, 'product-featured-52.jpg', '<p>Lorem ipsum dolor sit amet, an labores explicari qui, eu nostrum copiosae argumentum has. Latine propriae quo no, unum ridens expetenda id sit, at usu eius eligendi singulis. Sea ocurreret principes ne. At nonumy aperiri pri, nam quodsi copiosae intellegebat et, ex deserunt euripidis usu. Per ad ullum lobortis. Duo volutpat imperdiet ut, postea salutatus imperdiet ut per, ad utinam debitis invenire has.</p>\r\n\r\n<p>Liber utroque vim an, ne his brute vivendo, est fabulas consetetur appellantur an. In dolore legendos quo, ne ferri noluisse sed. Tantas eligendi at ius. Purto ipsum nemore sit ad.</p>\r\n\r\n<p>Vix tale noluisse voluptua ad, ne brute altera democritum cum. Omnes ornatus qui et, te aeterno discere ocurreret sea. Tollit cetero cu usu, etiam evertitur id nec. Id pro unum pertinax oportere, vel ad ridens mollis. Ad ius meis suavitate voluptaria.</p>\r\n\r\n<p>Mei ut errem legimus periculis, eos liber epicurei necessitatibus eu, facilisi postulant vel no. Ad mea commune disputando, cu vel choro exerci. Pri et oratio iisque atomorum, enim detracto mei ne, id eos soleat iudicabit. Ne reque reformidans mei, rebum delicata consequuntur an sit. Sea ad audire utamur. Ut mei ridens minimum intellegat, perpetua euripidis te qui, ad consul intellegebat comprehensam eum.</p>\r\n\r\n<p>Ex vix alienum sadipscing, quod melius philosophia id has. Ad qui quem reprimique, quo possit detracto reprimique no, sint reque officiis ei per. Ea regione commune volutpat pro, fabulas facilis omnesque mei ne. Cu unum detracto comprehensam sea, ad vim ancillae principes, ex usu fugit consulatu. Vis te purto equidem voluptatum.</p>\r\n\r\n<p>Detracto contentiones te est, brute ipsum consul an vis. Mea ei regione blandit ullamcorper, definiebas constituam vix ei. At his ludus nonumes gloriatur. Ne vim tamquam nonumes.</p>\r\n', '<p>Lorem ipsum dolor sit amet, an labores explicari qui, eu nostrum copiosae argumentum has. Latine propriae quo no, unum ridens expetenda id sit, at usu eius eligendi singulis. Sea ocurreret principes ne. At nonumy aperiri pri, nam quodsi copiosae intellegebat et, ex deserunt euripidis usu. Per ad ullum lobortis.</p>\r\n', '', '', '', 0, 0, 1, 17),
(53, 'Sky Blue Denim Casual Jeans For Men', '', '18', 34, 'product-featured-53.jpg', '<p>Lorem ipsum dolor sit amet, an labores explicari qui, eu nostrum copiosae argumentum has. Latine propriae quo no, unum ridens expetenda id sit, at usu eius eligendi singulis. Sea ocurreret principes ne. At nonumy aperiri pri, nam quodsi copiosae intellegebat et, ex deserunt euripidis usu. Per ad ullum lobortis. Duo volutpat imperdiet ut, postea salutatus imperdiet ut per, ad utinam debitis invenire has.</p>\r\n\r\n<p>Liber utroque vim an, ne his brute vivendo, est fabulas consetetur appellantur an. In dolore legendos quo, ne ferri noluisse sed. Tantas eligendi at ius. Purto ipsum nemore sit ad.</p>\r\n\r\n<p>Vix tale noluisse voluptua ad, ne brute altera democritum cum. Omnes ornatus qui et, te aeterno discere ocurreret sea. Tollit cetero cu usu, etiam evertitur id nec. Id pro unum pertinax oportere, vel ad ridens mollis. Ad ius meis suavitate voluptaria.</p>\r\n\r\n<p>Mei ut errem legimus periculis, eos liber epicurei necessitatibus eu, facilisi postulant vel no. Ad mea commune disputando, cu vel choro exerci. Pri et oratio iisque atomorum, enim detracto mei ne, id eos soleat iudicabit. Ne reque reformidans mei, rebum delicata consequuntur an sit. Sea ad audire utamur. Ut mei ridens minimum intellegat, perpetua euripidis te qui, ad consul intellegebat comprehensam eum.</p>\r\n\r\n<p>Ex vix alienum sadipscing, quod melius philosophia id has. Ad qui quem reprimique, quo possit detracto reprimique no, sint reque officiis ei per. Ea regione commune volutpat pro, fabulas facilis omnesque mei ne. Cu unum detracto comprehensam sea, ad vim ancillae principes, ex usu fugit consulatu. Vis te purto equidem voluptatum.</p>\r\n\r\n<p>Detracto contentiones te est, brute ipsum consul an vis. Mea ei regione blandit ullamcorper, definiebas constituam vix ei. At his ludus nonumes gloriatur. Ne vim tamquam nonumes.</p>\r\n', '<p>Lorem ipsum dolor sit amet, an labores explicari qui, eu nostrum copiosae argumentum has. Latine propriae quo no, unum ridens expetenda id sit, at usu eius eligendi singulis. Sea ocurreret principes ne. At nonumy aperiri pri, nam quodsi copiosae intellegebat et, ex deserunt euripidis usu. Per ad ullum lobortis.</p>\r\n', '', '', '', 1, 0, 1, 3),
(54, 'Ash Cotton Straight Jeans pant For Men', '', '14', 33, 'product-featured-54.jpg', '<p>Lorem ipsum dolor sit amet, an labores explicari qui, eu nostrum copiosae argumentum has. Latine propriae quo no, unum ridens expetenda id sit, at usu eius eligendi singulis. Sea ocurreret principes ne. At nonumy aperiri pri, nam quodsi copiosae intellegebat et, ex deserunt euripidis usu. Per ad ullum lobortis. Duo volutpat imperdiet ut, postea salutatus imperdiet ut per, ad utinam debitis invenire has.</p>\r\n\r\n<p>Liber utroque vim an, ne his brute vivendo, est fabulas consetetur appellantur an. In dolore legendos quo, ne ferri noluisse sed. Tantas eligendi at ius. Purto ipsum nemore sit ad.</p>\r\n\r\n<p>Vix tale noluisse voluptua ad, ne brute altera democritum cum. Omnes ornatus qui et, te aeterno discere ocurreret sea. Tollit cetero cu usu, etiam evertitur id nec. Id pro unum pertinax oportere, vel ad ridens mollis. Ad ius meis suavitate voluptaria.</p>\r\n\r\n<p>Mei ut errem legimus periculis, eos liber epicurei necessitatibus eu, facilisi postulant vel no. Ad mea commune disputando, cu vel choro exerci. Pri et oratio iisque atomorum, enim detracto mei ne, id eos soleat iudicabit. Ne reque reformidans mei, rebum delicata consequuntur an sit. Sea ad audire utamur. Ut mei ridens minimum intellegat, perpetua euripidis te qui, ad consul intellegebat comprehensam eum.</p>\r\n\r\n<p>Ex vix alienum sadipscing, quod melius philosophia id has. Ad qui quem reprimique, quo possit detracto reprimique no, sint reque officiis ei per. Ea regione commune volutpat pro, fabulas facilis omnesque mei ne. Cu unum detracto comprehensam sea, ad vim ancillae principes, ex usu fugit consulatu. Vis te purto equidem voluptatum.</p>\r\n\r\n<p>Detracto contentiones te est, brute ipsum consul an vis. Mea ei regione blandit ullamcorper, definiebas constituam vix ei. At his ludus nonumes gloriatur. Ne vim tamquam nonumes.</p>\r\n', '<p>Lorem ipsum dolor sit amet, an labores explicari qui, eu nostrum copiosae argumentum has. Latine propriae quo no, unum ridens expetenda id sit, at usu eius eligendi singulis. Sea ocurreret principes ne. At nonumy aperiri pri, nam quodsi copiosae intellegebat et, ex deserunt euripidis usu. Per ad ullum lobortis.</p>\r\n', '', '', '', 0, 0, 1, 3),
(55, 'Navy Blue Cotton Jeans For Men', '', '15', 34, 'product-featured-55.jpg', '<p>Lorem ipsum dolor sit amet, an labores explicari qui, eu nostrum copiosae argumentum has. Latine propriae quo no, unum ridens expetenda id sit, at usu eius eligendi singulis. Sea ocurreret principes ne. At nonumy aperiri pri, nam quodsi copiosae intellegebat et, ex deserunt euripidis usu. Per ad ullum lobortis. Duo volutpat imperdiet ut, postea salutatus imperdiet ut per, ad utinam debitis invenire has.</p>\r\n\r\n<p>Liber utroque vim an, ne his brute vivendo, est fabulas consetetur appellantur an. In dolore legendos quo, ne ferri noluisse sed. Tantas eligendi at ius. Purto ipsum nemore sit ad.</p>\r\n\r\n<p>Vix tale noluisse voluptua ad, ne brute altera democritum cum. Omnes ornatus qui et, te aeterno discere ocurreret sea. Tollit cetero cu usu, etiam evertitur id nec. Id pro unum pertinax oportere, vel ad ridens mollis. Ad ius meis suavitate voluptaria.</p>\r\n\r\n<p>Mei ut errem legimus periculis, eos liber epicurei necessitatibus eu, facilisi postulant vel no. Ad mea commune disputando, cu vel choro exerci. Pri et oratio iisque atomorum, enim detracto mei ne, id eos soleat iudicabit. Ne reque reformidans mei, rebum delicata consequuntur an sit. Sea ad audire utamur. Ut mei ridens minimum intellegat, perpetua euripidis te qui, ad consul intellegebat comprehensam eum.</p>\r\n\r\n<p>Ex vix alienum sadipscing, quod melius philosophia id has. Ad qui quem reprimique, quo possit detracto reprimique no, sint reque officiis ei per. Ea regione commune volutpat pro, fabulas facilis omnesque mei ne. Cu unum detracto comprehensam sea, ad vim ancillae principes, ex usu fugit consulatu. Vis te purto equidem voluptatum.</p>\r\n\r\n<p>Detracto contentiones te est, brute ipsum consul an vis. Mea ei regione blandit ullamcorper, definiebas constituam vix ei. At his ludus nonumes gloriatur. Ne vim tamquam nonumes.</p>\r\n', '<p>Lorem ipsum dolor sit amet, an labores explicari qui, eu nostrum copiosae argumentum has. Latine propriae quo no, unum ridens expetenda id sit, at usu eius eligendi singulis. Sea ocurreret principes ne. At nonumy aperiri pri, nam quodsi copiosae intellegebat et, ex deserunt euripidis usu. Per ad ullum lobortis.</p>\r\n', '', '', '', 0, 0, 1, 3),
(56, 'Sky Blue Denim Casual Jeans Pant for Men', '', '12', 33, 'product-featured-56.jpg', '<p>Lorem ipsum dolor sit amet, an labores explicari qui, eu nostrum copiosae argumentum has. Latine propriae quo no, unum ridens expetenda id sit, at usu eius eligendi singulis. Sea ocurreret principes ne. At nonumy aperiri pri, nam quodsi copiosae intellegebat et, ex deserunt euripidis usu. Per ad ullum lobortis. Duo volutpat imperdiet ut, postea salutatus imperdiet ut per, ad utinam debitis invenire has.</p>\r\n\r\n<p>Liber utroque vim an, ne his brute vivendo, est fabulas consetetur appellantur an. In dolore legendos quo, ne ferri noluisse sed. Tantas eligendi at ius. Purto ipsum nemore sit ad.</p>\r\n\r\n<p>Vix tale noluisse voluptua ad, ne brute altera democritum cum. Omnes ornatus qui et, te aeterno discere ocurreret sea. Tollit cetero cu usu, etiam evertitur id nec. Id pro unum pertinax oportere, vel ad ridens mollis. Ad ius meis suavitate voluptaria.</p>\r\n\r\n<p>Mei ut errem legimus periculis, eos liber epicurei necessitatibus eu, facilisi postulant vel no. Ad mea commune disputando, cu vel choro exerci. Pri et oratio iisque atomorum, enim detracto mei ne, id eos soleat iudicabit. Ne reque reformidans mei, rebum delicata consequuntur an sit. Sea ad audire utamur. Ut mei ridens minimum intellegat, perpetua euripidis te qui, ad consul intellegebat comprehensam eum.</p>\r\n\r\n<p>Ex vix alienum sadipscing, quod melius philosophia id has. Ad qui quem reprimique, quo possit detracto reprimique no, sint reque officiis ei per. Ea regione commune volutpat pro, fabulas facilis omnesque mei ne. Cu unum detracto comprehensam sea, ad vim ancillae principes, ex usu fugit consulatu. Vis te purto equidem voluptatum.</p>\r\n\r\n<p>Detracto contentiones te est, brute ipsum consul an vis. Mea ei regione blandit ullamcorper, definiebas constituam vix ei. At his ludus nonumes gloriatur. Ne vim tamquam nonumes.</p>\r\n', '<p>Lorem ipsum dolor sit amet, an labores explicari qui, eu nostrum copiosae argumentum has. Latine propriae quo no, unum ridens expetenda id sit, at usu eius eligendi singulis. Sea ocurreret principes ne. At nonumy aperiri pri, nam quodsi copiosae intellegebat et, ex deserunt euripidis usu. Per ad ullum lobortis.</p>\r\n', '', '', '', 0, 0, 1, 3),
(57, '2 Couple Stylish LED Bracelet Watch', '', '12', 34, 'product-featured-57.jpg', '<p>Lorem ipsum dolor sit amet, an labores explicari qui, eu nostrum copiosae argumentum has. Latine propriae quo no, unum ridens expetenda id sit, at usu eius eligendi singulis. Sea ocurreret principes ne. At nonumy aperiri pri, nam quodsi copiosae intellegebat et, ex deserunt euripidis usu. Per ad ullum lobortis. Duo volutpat imperdiet ut, postea salutatus imperdiet ut per, ad utinam debitis invenire has.</p>\r\n\r\n<p>Liber utroque vim an, ne his brute vivendo, est fabulas consetetur appellantur an. In dolore legendos quo, ne ferri noluisse sed. Tantas eligendi at ius. Purto ipsum nemore sit ad.</p>\r\n\r\n<p>Vix tale noluisse voluptua ad, ne brute altera democritum cum. Omnes ornatus qui et, te aeterno discere ocurreret sea. Tollit cetero cu usu, etiam evertitur id nec. Id pro unum pertinax oportere, vel ad ridens mollis. Ad ius meis suavitate voluptaria.</p>\r\n\r\n<p>Mei ut errem legimus periculis, eos liber epicurei necessitatibus eu, facilisi postulant vel no. Ad mea commune disputando, cu vel choro exerci. Pri et oratio iisque atomorum, enim detracto mei ne, id eos soleat iudicabit. Ne reque reformidans mei, rebum delicata consequuntur an sit. Sea ad audire utamur. Ut mei ridens minimum intellegat, perpetua euripidis te qui, ad consul intellegebat comprehensam eum.</p>\r\n\r\n<p>Ex vix alienum sadipscing, quod melius philosophia id has. Ad qui quem reprimique, quo possit detracto reprimique no, sint reque officiis ei per. Ea regione commune volutpat pro, fabulas facilis omnesque mei ne. Cu unum detracto comprehensam sea, ad vim ancillae principes, ex usu fugit consulatu. Vis te purto equidem voluptatum.</p>\r\n\r\n<p>Detracto contentiones te est, brute ipsum consul an vis. Mea ei regione blandit ullamcorper, definiebas constituam vix ei. At his ludus nonumes gloriatur. Ne vim tamquam nonumes.</p>\r\n', '<p>Lorem ipsum dolor sit amet, an labores explicari qui, eu nostrum copiosae argumentum has. Latine propriae quo no, unum ridens expetenda id sit, at usu eius eligendi singulis. Sea ocurreret principes ne. At nonumy aperiri pri, nam quodsi copiosae intellegebat et, ex deserunt euripidis usu. Per ad ullum lobortis.</p>\r\n', '', '', '', 1, 0, 1, 18),
(58, 'Casio AE-1000W-1AV Rubber Digital Watch', '', '40', 34, 'product-featured-58.jpg', '<p>Lorem ipsum dolor sit amet, an labores explicari qui, eu nostrum copiosae argumentum has. Latine propriae quo no, unum ridens expetenda id sit, at usu eius eligendi singulis. Sea ocurreret principes ne. At nonumy aperiri pri, nam quodsi copiosae intellegebat et, ex deserunt euripidis usu. Per ad ullum lobortis. Duo volutpat imperdiet ut, postea salutatus imperdiet ut per, ad utinam debitis invenire has.</p>\r\n\r\n<p>Liber utroque vim an, ne his brute vivendo, est fabulas consetetur appellantur an. In dolore legendos quo, ne ferri noluisse sed. Tantas eligendi at ius. Purto ipsum nemore sit ad.</p>\r\n\r\n<p>Vix tale noluisse voluptua ad, ne brute altera democritum cum. Omnes ornatus qui et, te aeterno discere ocurreret sea. Tollit cetero cu usu, etiam evertitur id nec. Id pro unum pertinax oportere, vel ad ridens mollis. Ad ius meis suavitate voluptaria.</p>\r\n\r\n<p>Mei ut errem legimus periculis, eos liber epicurei necessitatibus eu, facilisi postulant vel no. Ad mea commune disputando, cu vel choro exerci. Pri et oratio iisque atomorum, enim detracto mei ne, id eos soleat iudicabit. Ne reque reformidans mei, rebum delicata consequuntur an sit. Sea ad audire utamur. Ut mei ridens minimum intellegat, perpetua euripidis te qui, ad consul intellegebat comprehensam eum.</p>\r\n\r\n<p>Ex vix alienum sadipscing, quod melius philosophia id has. Ad qui quem reprimique, quo possit detracto reprimique no, sint reque officiis ei per. Ea regione commune volutpat pro, fabulas facilis omnesque mei ne. Cu unum detracto comprehensam sea, ad vim ancillae principes, ex usu fugit consulatu. Vis te purto equidem voluptatum.</p>\r\n\r\n<p>Detracto contentiones te est, brute ipsum consul an vis. Mea ei regione blandit ullamcorper, definiebas constituam vix ei. At his ludus nonumes gloriatur. Ne vim tamquam nonumes.</p>\r\n', '<p>Lorem ipsum dolor sit amet, an labores explicari qui, eu nostrum copiosae argumentum has. Latine propriae quo no, unum ridens expetenda id sit, at usu eius eligendi singulis. Sea ocurreret principes ne. At nonumy aperiri pri, nam quodsi copiosae intellegebat et, ex deserunt euripidis usu. Per ad ullum lobortis.</p>\r\n', '', '', '', 0, 0, 1, 18),
(59, 'Iron Man Digital Wrist Watch', '', '16', 38, 'product-featured-59.jpg', '<p>Lorem ipsum dolor sit amet, an labores explicari qui, eu nostrum copiosae argumentum has. Latine propriae quo no, unum ridens expetenda id sit, at usu eius eligendi singulis. Sea ocurreret principes ne. At nonumy aperiri pri, nam quodsi copiosae intellegebat et, ex deserunt euripidis usu. Per ad ullum lobortis. Duo volutpat imperdiet ut, postea salutatus imperdiet ut per, ad utinam debitis invenire has.</p>\r\n\r\n<p>Liber utroque vim an, ne his brute vivendo, est fabulas consetetur appellantur an. In dolore legendos quo, ne ferri noluisse sed. Tantas eligendi at ius. Purto ipsum nemore sit ad.</p>\r\n\r\n<p>Vix tale noluisse voluptua ad, ne brute altera democritum cum. Omnes ornatus qui et, te aeterno discere ocurreret sea. Tollit cetero cu usu, etiam evertitur id nec. Id pro unum pertinax oportere, vel ad ridens mollis. Ad ius meis suavitate voluptaria.</p>\r\n\r\n<p>Mei ut errem legimus periculis, eos liber epicurei necessitatibus eu, facilisi postulant vel no. Ad mea commune disputando, cu vel choro exerci. Pri et oratio iisque atomorum, enim detracto mei ne, id eos soleat iudicabit. Ne reque reformidans mei, rebum delicata consequuntur an sit. Sea ad audire utamur. Ut mei ridens minimum intellegat, perpetua euripidis te qui, ad consul intellegebat comprehensam eum.</p>\r\n\r\n<p>Ex vix alienum sadipscing, quod melius philosophia id has. Ad qui quem reprimique, quo possit detracto reprimique no, sint reque officiis ei per. Ea regione commune volutpat pro, fabulas facilis omnesque mei ne. Cu unum detracto comprehensam sea, ad vim ancillae principes, ex usu fugit consulatu. Vis te purto equidem voluptatum.</p>\r\n\r\n<p>Detracto contentiones te est, brute ipsum consul an vis. Mea ei regione blandit ullamcorper, definiebas constituam vix ei. At his ludus nonumes gloriatur. Ne vim tamquam nonumes.</p>\r\n', '<p>Lorem ipsum dolor sit amet, an labores explicari qui, eu nostrum copiosae argumentum has. Latine propriae quo no, unum ridens expetenda id sit, at usu eius eligendi singulis. Sea ocurreret principes ne. At nonumy aperiri pri, nam quodsi copiosae intellegebat et, ex deserunt euripidis usu. Per ad ullum lobortis.</p>\r\n', '', '', '', 0, 0, 1, 18),
(60, 'Fitness Tracker Alarm Clock IOS for Health', '', '45', 34, 'product-featured-60.jpg', '<p>Lorem ipsum dolor sit amet, an labores explicari qui, eu nostrum copiosae argumentum has. Latine propriae quo no, unum ridens expetenda id sit, at usu eius eligendi singulis. Sea ocurreret principes ne. At nonumy aperiri pri, nam quodsi copiosae intellegebat et, ex deserunt euripidis usu. Per ad ullum lobortis. Duo volutpat imperdiet ut, postea salutatus imperdiet ut per, ad utinam debitis invenire has.</p>\r\n\r\n<p>Liber utroque vim an, ne his brute vivendo, est fabulas consetetur appellantur an. In dolore legendos quo, ne ferri noluisse sed. Tantas eligendi at ius. Purto ipsum nemore sit ad.</p>\r\n\r\n<p>Vix tale noluisse voluptua ad, ne brute altera democritum cum. Omnes ornatus qui et, te aeterno discere ocurreret sea. Tollit cetero cu usu, etiam evertitur id nec. Id pro unum pertinax oportere, vel ad ridens mollis. Ad ius meis suavitate voluptaria.</p>\r\n\r\n<p>Mei ut errem legimus periculis, eos liber epicurei necessitatibus eu, facilisi postulant vel no. Ad mea commune disputando, cu vel choro exerci. Pri et oratio iisque atomorum, enim detracto mei ne, id eos soleat iudicabit. Ne reque reformidans mei, rebum delicata consequuntur an sit. Sea ad audire utamur. Ut mei ridens minimum intellegat, perpetua euripidis te qui, ad consul intellegebat comprehensam eum.</p>\r\n\r\n<p>Ex vix alienum sadipscing, quod melius philosophia id has. Ad qui quem reprimique, quo possit detracto reprimique no, sint reque officiis ei per. Ea regione commune volutpat pro, fabulas facilis omnesque mei ne. Cu unum detracto comprehensam sea, ad vim ancillae principes, ex usu fugit consulatu. Vis te purto equidem voluptatum.</p>\r\n\r\n<p>Detracto contentiones te est, brute ipsum consul an vis. Mea ei regione blandit ullamcorper, definiebas constituam vix ei. At his ludus nonumes gloriatur. Ne vim tamquam nonumes.</p>\r\n', '<p>Lorem ipsum dolor sit amet, an labores explicari qui, eu nostrum copiosae argumentum has. Latine propriae quo no, unum ridens expetenda id sit, at usu eius eligendi singulis. Sea ocurreret principes ne. At nonumy aperiri pri, nam quodsi copiosae intellegebat et, ex deserunt euripidis usu. Per ad ullum lobortis.</p>\r\n', '', '', '', 0, 0, 1, 19),
(61, 'M.S. Collection A1 SmartWatch', '', '29', 38, 'product-featured-61.jpg', '<p>Lorem ipsum dolor sit amet, an labores explicari qui, eu nostrum copiosae argumentum has. Latine propriae quo no, unum ridens expetenda id sit, at usu eius eligendi singulis. Sea ocurreret principes ne. At nonumy aperiri pri, nam quodsi copiosae intellegebat et, ex deserunt euripidis usu. Per ad ullum lobortis. Duo volutpat imperdiet ut, postea salutatus imperdiet ut per, ad utinam debitis invenire has.</p>\r\n\r\n<p>Liber utroque vim an, ne his brute vivendo, est fabulas consetetur appellantur an. In dolore legendos quo, ne ferri noluisse sed. Tantas eligendi at ius. Purto ipsum nemore sit ad.</p>\r\n\r\n<p>Vix tale noluisse voluptua ad, ne brute altera democritum cum. Omnes ornatus qui et, te aeterno discere ocurreret sea. Tollit cetero cu usu, etiam evertitur id nec. Id pro unum pertinax oportere, vel ad ridens mollis. Ad ius meis suavitate voluptaria.</p>\r\n\r\n<p>Mei ut errem legimus periculis, eos liber epicurei necessitatibus eu, facilisi postulant vel no. Ad mea commune disputando, cu vel choro exerci. Pri et oratio iisque atomorum, enim detracto mei ne, id eos soleat iudicabit. Ne reque reformidans mei, rebum delicata consequuntur an sit. Sea ad audire utamur. Ut mei ridens minimum intellegat, perpetua euripidis te qui, ad consul intellegebat comprehensam eum.</p>\r\n\r\n<p>Ex vix alienum sadipscing, quod melius philosophia id has. Ad qui quem reprimique, quo possit detracto reprimique no, sint reque officiis ei per. Ea regione commune volutpat pro, fabulas facilis omnesque mei ne. Cu unum detracto comprehensam sea, ad vim ancillae principes, ex usu fugit consulatu. Vis te purto equidem voluptatum.</p>\r\n\r\n<p>Detracto contentiones te est, brute ipsum consul an vis. Mea ei regione blandit ullamcorper, definiebas constituam vix ei. At his ludus nonumes gloriatur. Ne vim tamquam nonumes.</p>\r\n', '<p>Lorem ipsum dolor sit amet, an labores explicari qui, eu nostrum copiosae argumentum has. Latine propriae quo no, unum ridens expetenda id sit, at usu eius eligendi singulis. Sea ocurreret principes ne. At nonumy aperiri pri, nam quodsi copiosae intellegebat et, ex deserunt euripidis usu. Per ad ullum lobortis.</p>\r\n', '', '', '', 0, 0, 1, 19),
(62, 'Camera Zone Hidden Camera Watch - Silver', '', '34', 34, 'product-featured-62.jpg', '<p>Lorem ipsum dolor sit amet, an labores explicari qui, eu nostrum copiosae argumentum has. Latine propriae quo no, unum ridens expetenda id sit, at usu eius eligendi singulis. Sea ocurreret principes ne. At nonumy aperiri pri, nam quodsi copiosae intellegebat et, ex deserunt euripidis usu. Per ad ullum lobortis. Duo volutpat imperdiet ut, postea salutatus imperdiet ut per, ad utinam debitis invenire has.</p>\r\n\r\n<p>Liber utroque vim an, ne his brute vivendo, est fabulas consetetur appellantur an. In dolore legendos quo, ne ferri noluisse sed. Tantas eligendi at ius. Purto ipsum nemore sit ad.</p>\r\n\r\n<p>Vix tale noluisse voluptua ad, ne brute altera democritum cum. Omnes ornatus qui et, te aeterno discere ocurreret sea. Tollit cetero cu usu, etiam evertitur id nec. Id pro unum pertinax oportere, vel ad ridens mollis. Ad ius meis suavitate voluptaria.</p>\r\n\r\n<p>Mei ut errem legimus periculis, eos liber epicurei necessitatibus eu, facilisi postulant vel no. Ad mea commune disputando, cu vel choro exerci. Pri et oratio iisque atomorum, enim detracto mei ne, id eos soleat iudicabit. Ne reque reformidans mei, rebum delicata consequuntur an sit. Sea ad audire utamur. Ut mei ridens minimum intellegat, perpetua euripidis te qui, ad consul intellegebat comprehensam eum.</p>\r\n\r\n<p>Ex vix alienum sadipscing, quod melius philosophia id has. Ad qui quem reprimique, quo possit detracto reprimique no, sint reque officiis ei per. Ea regione commune volutpat pro, fabulas facilis omnesque mei ne. Cu unum detracto comprehensam sea, ad vim ancillae principes, ex usu fugit consulatu. Vis te purto equidem voluptatum.</p>\r\n\r\n<p>Detracto contentiones te est, brute ipsum consul an vis. Mea ei regione blandit ullamcorper, definiebas constituam vix ei. At his ludus nonumes gloriatur. Ne vim tamquam nonumes.</p>\r\n', '<p>Lorem ipsum dolor sit amet, an labores explicari qui, eu nostrum copiosae argumentum has. Latine propriae quo no, unum ridens expetenda id sit, at usu eius eligendi singulis. Sea ocurreret principes ne. At nonumy aperiri pri, nam quodsi copiosae intellegebat et, ex deserunt euripidis usu. Per ad ullum lobortis.</p>\r\n', '', '', '', 0, 0, 1, 19),
(63, 'Apex Sandra Rosa Black Leather Sandal', '', '23', 34, 'product-featured-63.jpg', '<p>Lorem ipsum dolor sit amet, an labores explicari qui, eu nostrum copiosae argumentum has. Latine propriae quo no, unum ridens expetenda id sit, at usu eius eligendi singulis. Sea ocurreret principes ne. At nonumy aperiri pri, nam quodsi copiosae intellegebat et, ex deserunt euripidis usu. Per ad ullum lobortis. Duo volutpat imperdiet ut, postea salutatus imperdiet ut per, ad utinam debitis invenire has.</p>\r\n\r\n<p>Liber utroque vim an, ne his brute vivendo, est fabulas consetetur appellantur an. In dolore legendos quo, ne ferri noluisse sed. Tantas eligendi at ius. Purto ipsum nemore sit ad.</p>\r\n\r\n<p>Vix tale noluisse voluptua ad, ne brute altera democritum cum. Omnes ornatus qui et, te aeterno discere ocurreret sea. Tollit cetero cu usu, etiam evertitur id nec. Id pro unum pertinax oportere, vel ad ridens mollis. Ad ius meis suavitate voluptaria.</p>\r\n\r\n<p>Mei ut errem legimus periculis, eos liber epicurei necessitatibus eu, facilisi postulant vel no. Ad mea commune disputando, cu vel choro exerci. Pri et oratio iisque atomorum, enim detracto mei ne, id eos soleat iudicabit. Ne reque reformidans mei, rebum delicata consequuntur an sit. Sea ad audire utamur. Ut mei ridens minimum intellegat, perpetua euripidis te qui, ad consul intellegebat comprehensam eum.</p>\r\n\r\n<p>Ex vix alienum sadipscing, quod melius philosophia id has. Ad qui quem reprimique, quo possit detracto reprimique no, sint reque officiis ei per. Ea regione commune volutpat pro, fabulas facilis omnesque mei ne. Cu unum detracto comprehensam sea, ad vim ancillae principes, ex usu fugit consulatu. Vis te purto equidem voluptatum.</p>\r\n\r\n<p>Detracto contentiones te est, brute ipsum consul an vis. Mea ei regione blandit ullamcorper, definiebas constituam vix ei. At his ludus nonumes gloriatur. Ne vim tamquam nonumes.</p>\r\n', '<p>Lorem ipsum dolor sit amet, an labores explicari qui, eu nostrum copiosae argumentum has. Latine propriae quo no, unum ridens expetenda id sit, at usu eius eligendi singulis. Sea ocurreret principes ne. At nonumy aperiri pri, nam quodsi copiosae intellegebat et, ex deserunt euripidis usu. Per ad ullum lobortis.</p>\r\n', '', '', '', 0, 0, 1, 12),
(64, 'Dark Red Artificial Leather Sandal', '', '24', 34, 'product-featured-64.jpg', '<p>Lorem ipsum dolor sit amet, an labores explicari qui, eu nostrum copiosae argumentum has. Latine propriae quo no, unum ridens expetenda id sit, at usu eius eligendi singulis. Sea ocurreret principes ne. At nonumy aperiri pri, nam quodsi copiosae intellegebat et, ex deserunt euripidis usu. Per ad ullum lobortis. Duo volutpat imperdiet ut, postea salutatus imperdiet ut per, ad utinam debitis invenire has.</p>\r\n\r\n<p>Liber utroque vim an, ne his brute vivendo, est fabulas consetetur appellantur an. In dolore legendos quo, ne ferri noluisse sed. Tantas eligendi at ius. Purto ipsum nemore sit ad.</p>\r\n\r\n<p>Vix tale noluisse voluptua ad, ne brute altera democritum cum. Omnes ornatus qui et, te aeterno discere ocurreret sea. Tollit cetero cu usu, etiam evertitur id nec. Id pro unum pertinax oportere, vel ad ridens mollis. Ad ius meis suavitate voluptaria.</p>\r\n\r\n<p>Mei ut errem legimus periculis, eos liber epicurei necessitatibus eu, facilisi postulant vel no. Ad mea commune disputando, cu vel choro exerci. Pri et oratio iisque atomorum, enim detracto mei ne, id eos soleat iudicabit. Ne reque reformidans mei, rebum delicata consequuntur an sit. Sea ad audire utamur. Ut mei ridens minimum intellegat, perpetua euripidis te qui, ad consul intellegebat comprehensam eum.</p>\r\n\r\n<p>Ex vix alienum sadipscing, quod melius philosophia id has. Ad qui quem reprimique, quo possit detracto reprimique no, sint reque officiis ei per. Ea regione commune volutpat pro, fabulas facilis omnesque mei ne. Cu unum detracto comprehensam sea, ad vim ancillae principes, ex usu fugit consulatu. Vis te purto equidem voluptatum.</p>\r\n\r\n<p>Detracto contentiones te est, brute ipsum consul an vis. Mea ei regione blandit ullamcorper, definiebas constituam vix ei. At his ludus nonumes gloriatur. Ne vim tamquam nonumes.</p>\r\n', '<p>Lorem ipsum dolor sit amet, an labores explicari qui, eu nostrum copiosae argumentum has. Latine propriae quo no, unum ridens expetenda id sit, at usu eius eligendi singulis. Sea ocurreret principes ne. At nonumy aperiri pri, nam quodsi copiosae intellegebat et, ex deserunt euripidis usu. Per ad ullum lobortis.</p>\r\n', '', '', '', 0, 0, 1, 12),
(65, 'Golden Artificial Leather Moccasin For Women', '', '29', 34, 'product-featured-65.jpg', '<p>Lorem ipsum dolor sit amet, an labores explicari qui, eu nostrum copiosae argumentum has. Latine propriae quo no, unum ridens expetenda id sit, at usu eius eligendi singulis. Sea ocurreret principes ne. At nonumy aperiri pri, nam quodsi copiosae intellegebat et, ex deserunt euripidis usu. Per ad ullum lobortis. Duo volutpat imperdiet ut, postea salutatus imperdiet ut per, ad utinam debitis invenire has.</p>\r\n\r\n<p>Liber utroque vim an, ne his brute vivendo, est fabulas consetetur appellantur an. In dolore legendos quo, ne ferri noluisse sed. Tantas eligendi at ius. Purto ipsum nemore sit ad.</p>\r\n\r\n<p>Vix tale noluisse voluptua ad, ne brute altera democritum cum. Omnes ornatus qui et, te aeterno discere ocurreret sea. Tollit cetero cu usu, etiam evertitur id nec. Id pro unum pertinax oportere, vel ad ridens mollis. Ad ius meis suavitate voluptaria.</p>\r\n\r\n<p>Mei ut errem legimus periculis, eos liber epicurei necessitatibus eu, facilisi postulant vel no. Ad mea commune disputando, cu vel choro exerci. Pri et oratio iisque atomorum, enim detracto mei ne, id eos soleat iudicabit. Ne reque reformidans mei, rebum delicata consequuntur an sit. Sea ad audire utamur. Ut mei ridens minimum intellegat, perpetua euripidis te qui, ad consul intellegebat comprehensam eum.</p>\r\n\r\n<p>Ex vix alienum sadipscing, quod melius philosophia id has. Ad qui quem reprimique, quo possit detracto reprimique no, sint reque officiis ei per. Ea regione commune volutpat pro, fabulas facilis omnesque mei ne. Cu unum detracto comprehensam sea, ad vim ancillae principes, ex usu fugit consulatu. Vis te purto equidem voluptatum.</p>\r\n\r\n<p>Detracto contentiones te est, brute ipsum consul an vis. Mea ei regione blandit ullamcorper, definiebas constituam vix ei. At his ludus nonumes gloriatur. Ne vim tamquam nonumes.</p>\r\n', '<p>Lorem ipsum dolor sit amet, an labores explicari qui, eu nostrum copiosae argumentum has. Latine propriae quo no, unum ridens expetenda id sit, at usu eius eligendi singulis. Sea ocurreret principes ne. At nonumy aperiri pri, nam quodsi copiosae intellegebat et, ex deserunt euripidis usu. Per ad ullum lobortis.</p>\r\n', '', '', '', 0, 0, 1, 12),
(66, 'Gold Leather High Heel For Women', '', '21', 33, 'product-featured-66.jpg', '<p>Lorem ipsum dolor sit amet, an labores explicari qui, eu nostrum copiosae argumentum has. Latine propriae quo no, unum ridens expetenda id sit, at usu eius eligendi singulis. Sea ocurreret principes ne. At nonumy aperiri pri, nam quodsi copiosae intellegebat et, ex deserunt euripidis usu. Per ad ullum lobortis. Duo volutpat imperdiet ut, postea salutatus imperdiet ut per, ad utinam debitis invenire has.</p>\r\n\r\n<p>Liber utroque vim an, ne his brute vivendo, est fabulas consetetur appellantur an. In dolore legendos quo, ne ferri noluisse sed. Tantas eligendi at ius. Purto ipsum nemore sit ad.</p>\r\n\r\n<p>Vix tale noluisse voluptua ad, ne brute altera democritum cum. Omnes ornatus qui et, te aeterno discere ocurreret sea. Tollit cetero cu usu, etiam evertitur id nec. Id pro unum pertinax oportere, vel ad ridens mollis. Ad ius meis suavitate voluptaria.</p>\r\n\r\n<p>Mei ut errem legimus periculis, eos liber epicurei necessitatibus eu, facilisi postulant vel no. Ad mea commune disputando, cu vel choro exerci. Pri et oratio iisque atomorum, enim detracto mei ne, id eos soleat iudicabit. Ne reque reformidans mei, rebum delicata consequuntur an sit. Sea ad audire utamur. Ut mei ridens minimum intellegat, perpetua euripidis te qui, ad consul intellegebat comprehensam eum.</p>\r\n\r\n<p>Ex vix alienum sadipscing, quod melius philosophia id has. Ad qui quem reprimique, quo possit detracto reprimique no, sint reque officiis ei per. Ea regione commune volutpat pro, fabulas facilis omnesque mei ne. Cu unum detracto comprehensam sea, ad vim ancillae principes, ex usu fugit consulatu. Vis te purto equidem voluptatum.</p>\r\n\r\n<p>Detracto contentiones te est, brute ipsum consul an vis. Mea ei regione blandit ullamcorper, definiebas constituam vix ei. At his ludus nonumes gloriatur. Ne vim tamquam nonumes.</p>\r\n', '<p>Lorem ipsum dolor sit amet, an labores explicari qui, eu nostrum copiosae argumentum has. Latine propriae quo no, unum ridens expetenda id sit, at usu eius eligendi singulis. Sea ocurreret principes ne. At nonumy aperiri pri, nam quodsi copiosae intellegebat et, ex deserunt euripidis usu. Per ad ullum lobortis.</p>\r\n', '', '', '', 4, 0, 1, 13),
(67, 'Apex Moochie Leather Casual High Heel', '', '23', 34, 'product-featured-67.jpg', '<p>Lorem ipsum dolor sit amet, an labores explicari qui, eu nostrum copiosae argumentum has. Latine propriae quo no, unum ridens expetenda id sit, at usu eius eligendi singulis. Sea ocurreret principes ne. At nonumy aperiri pri, nam quodsi copiosae intellegebat et, ex deserunt euripidis usu. Per ad ullum lobortis. Duo volutpat imperdiet ut, postea salutatus imperdiet ut per, ad utinam debitis invenire has.</p>\r\n\r\n<p>Liber utroque vim an, ne his brute vivendo, est fabulas consetetur appellantur an. In dolore legendos quo, ne ferri noluisse sed. Tantas eligendi at ius. Purto ipsum nemore sit ad.</p>\r\n\r\n<p>Vix tale noluisse voluptua ad, ne brute altera democritum cum. Omnes ornatus qui et, te aeterno discere ocurreret sea. Tollit cetero cu usu, etiam evertitur id nec. Id pro unum pertinax oportere, vel ad ridens mollis. Ad ius meis suavitate voluptaria.</p>\r\n\r\n<p>Mei ut errem legimus periculis, eos liber epicurei necessitatibus eu, facilisi postulant vel no. Ad mea commune disputando, cu vel choro exerci. Pri et oratio iisque atomorum, enim detracto mei ne, id eos soleat iudicabit. Ne reque reformidans mei, rebum delicata consequuntur an sit. Sea ad audire utamur. Ut mei ridens minimum intellegat, perpetua euripidis te qui, ad consul intellegebat comprehensam eum.</p>\r\n\r\n<p>Ex vix alienum sadipscing, quod melius philosophia id has. Ad qui quem reprimique, quo possit detracto reprimique no, sint reque officiis ei per. Ea regione commune volutpat pro, fabulas facilis omnesque mei ne. Cu unum detracto comprehensam sea, ad vim ancillae principes, ex usu fugit consulatu. Vis te purto equidem voluptatum.</p>\r\n\r\n<p>Detracto contentiones te est, brute ipsum consul an vis. Mea ei regione blandit ullamcorper, definiebas constituam vix ei. At his ludus nonumes gloriatur. Ne vim tamquam nonumes.</p>\r\n', '<p>Lorem ipsum dolor sit amet, an labores explicari qui, eu nostrum copiosae argumentum has. Latine propriae quo no, unum ridens expetenda id sit, at usu eius eligendi singulis. Sea ocurreret principes ne. At nonumy aperiri pri, nam quodsi copiosae intellegebat et, ex deserunt euripidis usu. Per ad ullum lobortis.</p>\r\n', '', '', '', 0, 0, 1, 13),
(68, 'Pink Leather Heeled Sandal For Women', '', '30', 34, 'product-featured-68.jpg', '<p>Lorem ipsum dolor sit amet, an labores explicari qui, eu nostrum copiosae argumentum has. Latine propriae quo no, unum ridens expetenda id sit, at usu eius eligendi singulis. Sea ocurreret principes ne. At nonumy aperiri pri, nam quodsi copiosae intellegebat et, ex deserunt euripidis usu. Per ad ullum lobortis. Duo volutpat imperdiet ut, postea salutatus imperdiet ut per, ad utinam debitis invenire has.</p>\r\n\r\n<p>Liber utroque vim an, ne his brute vivendo, est fabulas consetetur appellantur an. In dolore legendos quo, ne ferri noluisse sed. Tantas eligendi at ius. Purto ipsum nemore sit ad.</p>\r\n\r\n<p>Vix tale noluisse voluptua ad, ne brute altera democritum cum. Omnes ornatus qui et, te aeterno discere ocurreret sea. Tollit cetero cu usu, etiam evertitur id nec. Id pro unum pertinax oportere, vel ad ridens mollis. Ad ius meis suavitate voluptaria.</p>\r\n\r\n<p>Mei ut errem legimus periculis, eos liber epicurei necessitatibus eu, facilisi postulant vel no. Ad mea commune disputando, cu vel choro exerci. Pri et oratio iisque atomorum, enim detracto mei ne, id eos soleat iudicabit. Ne reque reformidans mei, rebum delicata consequuntur an sit. Sea ad audire utamur. Ut mei ridens minimum intellegat, perpetua euripidis te qui, ad consul intellegebat comprehensam eum.</p>\r\n\r\n<p>Ex vix alienum sadipscing, quod melius philosophia id has. Ad qui quem reprimique, quo possit detracto reprimique no, sint reque officiis ei per. Ea regione commune volutpat pro, fabulas facilis omnesque mei ne. Cu unum detracto comprehensam sea, ad vim ancillae principes, ex usu fugit consulatu. Vis te purto equidem voluptatum.</p>\r\n\r\n<p>Detracto contentiones te est, brute ipsum consul an vis. Mea ei regione blandit ullamcorper, definiebas constituam vix ei. At his ludus nonumes gloriatur. Ne vim tamquam nonumes.</p>\r\n', '<p>Lorem ipsum dolor sit amet, an labores explicari qui, eu nostrum copiosae argumentum has. Latine propriae quo no, unum ridens expetenda id sit, at usu eius eligendi singulis. Sea ocurreret principes ne. At nonumy aperiri pri, nam quodsi copiosae intellegebat et, ex deserunt euripidis usu. Per ad ullum lobortis.</p>\r\n', '', '', '', 3, 0, 1, 13),
(69, 'Navy Blue Phillies Hoodie For Women', '', '34', 25, 'product-featured-69.jpg', '<p>Lorem ipsum dolor sit amet, an labores explicari qui, eu nostrum copiosae argumentum has. Latine propriae quo no, unum ridens expetenda id sit, at usu eius eligendi singulis. Sea ocurreret principes ne. At nonumy aperiri pri, nam quodsi copiosae intellegebat et, ex deserunt euripidis usu. Per ad ullum lobortis. Duo volutpat imperdiet ut, postea salutatus imperdiet ut per, ad utinam debitis invenire has.</p>\r\n\r\n<p>Liber utroque vim an, ne his brute vivendo, est fabulas consetetur appellantur an. In dolore legendos quo, ne ferri noluisse sed. Tantas eligendi at ius. Purto ipsum nemore sit ad.</p>\r\n\r\n<p>Vix tale noluisse voluptua ad, ne brute altera democritum cum. Omnes ornatus qui et, te aeterno discere ocurreret sea. Tollit cetero cu usu, etiam evertitur id nec. Id pro unum pertinax oportere, vel ad ridens mollis. Ad ius meis suavitate voluptaria.</p>\r\n\r\n<p>Mei ut errem legimus periculis, eos liber epicurei necessitatibus eu, facilisi postulant vel no. Ad mea commune disputando, cu vel choro exerci. Pri et oratio iisque atomorum, enim detracto mei ne, id eos soleat iudicabit. Ne reque reformidans mei, rebum delicata consequuntur an sit. Sea ad audire utamur. Ut mei ridens minimum intellegat, perpetua euripidis te qui, ad consul intellegebat comprehensam eum.</p>\r\n\r\n<p>Ex vix alienum sadipscing, quod melius philosophia id has. Ad qui quem reprimique, quo possit detracto reprimique no, sint reque officiis ei per. Ea regione commune volutpat pro, fabulas facilis omnesque mei ne. Cu unum detracto comprehensam sea, ad vim ancillae principes, ex usu fugit consulatu. Vis te purto equidem voluptatum.</p>\r\n\r\n<p>Detracto contentiones te est, brute ipsum consul an vis. Mea ei regione blandit ullamcorper, definiebas constituam vix ei. At his ludus nonumes gloriatur. Ne vim tamquam nonumes.</p>\r\n', '<p>Lorem ipsum dolor sit amet, an labores explicari qui, eu nostrum copiosae argumentum has. Latine propriae quo no, unum ridens expetenda id sit, at usu eius eligendi singulis. Sea ocurreret principes ne. At nonumy aperiri pri, nam quodsi copiosae intellegebat et, ex deserunt euripidis usu. Per ad ullum lobortis.</p>\r\n', '', '', '', 0, 0, 1, 14),
(70, 'Apara Gray Phillies Hoodie For Women', '', '24', 34, 'product-featured-70.jpg', '<p>Lorem ipsum dolor sit amet, an labores explicari qui, eu nostrum copiosae argumentum has. Latine propriae quo no, unum ridens expetenda id sit, at usu eius eligendi singulis. Sea ocurreret principes ne. At nonumy aperiri pri, nam quodsi copiosae intellegebat et, ex deserunt euripidis usu. Per ad ullum lobortis. Duo volutpat imperdiet ut, postea salutatus imperdiet ut per, ad utinam debitis invenire has.</p>\r\n\r\n<p>Liber utroque vim an, ne his brute vivendo, est fabulas consetetur appellantur an. In dolore legendos quo, ne ferri noluisse sed. Tantas eligendi at ius. Purto ipsum nemore sit ad.</p>\r\n\r\n<p>Vix tale noluisse voluptua ad, ne brute altera democritum cum. Omnes ornatus qui et, te aeterno discere ocurreret sea. Tollit cetero cu usu, etiam evertitur id nec. Id pro unum pertinax oportere, vel ad ridens mollis. Ad ius meis suavitate voluptaria.</p>\r\n\r\n<p>Mei ut errem legimus periculis, eos liber epicurei necessitatibus eu, facilisi postulant vel no. Ad mea commune disputando, cu vel choro exerci. Pri et oratio iisque atomorum, enim detracto mei ne, id eos soleat iudicabit. Ne reque reformidans mei, rebum delicata consequuntur an sit. Sea ad audire utamur. Ut mei ridens minimum intellegat, perpetua euripidis te qui, ad consul intellegebat comprehensam eum.</p>\r\n\r\n<p>Ex vix alienum sadipscing, quod melius philosophia id has. Ad qui quem reprimique, quo possit detracto reprimique no, sint reque officiis ei per. Ea regione commune volutpat pro, fabulas facilis omnesque mei ne. Cu unum detracto comprehensam sea, ad vim ancillae principes, ex usu fugit consulatu. Vis te purto equidem voluptatum.</p>\r\n\r\n<p>Detracto contentiones te est, brute ipsum consul an vis. Mea ei regione blandit ullamcorper, definiebas constituam vix ei. At his ludus nonumes gloriatur. Ne vim tamquam nonumes.</p>\r\n', '<p>Lorem ipsum dolor sit amet, an labores explicari qui, eu nostrum copiosae argumentum has. Latine propriae quo no, unum ridens expetenda id sit, at usu eius eligendi singulis. Sea ocurreret principes ne. At nonumy aperiri pri, nam quodsi copiosae intellegebat et, ex deserunt euripidis usu. Per ad ullum lobortis.</p>\r\n', '', '', '', 0, 0, 1, 14),
(71, 'Apara Pink Phillies Hoodie For Women', '', '21', 34, 'product-featured-71.jpg', '<p>Lorem ipsum dolor sit amet, an labores explicari qui, eu nostrum copiosae argumentum has. Latine propriae quo no, unum ridens expetenda id sit, at usu eius eligendi singulis. Sea ocurreret principes ne. At nonumy aperiri pri, nam quodsi copiosae intellegebat et, ex deserunt euripidis usu. Per ad ullum lobortis. Duo volutpat imperdiet ut, postea salutatus imperdiet ut per, ad utinam debitis invenire has.</p>\r\n\r\n<p>Liber utroque vim an, ne his brute vivendo, est fabulas consetetur appellantur an. In dolore legendos quo, ne ferri noluisse sed. Tantas eligendi at ius. Purto ipsum nemore sit ad.</p>\r\n\r\n<p>Vix tale noluisse voluptua ad, ne brute altera democritum cum. Omnes ornatus qui et, te aeterno discere ocurreret sea. Tollit cetero cu usu, etiam evertitur id nec. Id pro unum pertinax oportere, vel ad ridens mollis. Ad ius meis suavitate voluptaria.</p>\r\n\r\n<p>Mei ut errem legimus periculis, eos liber epicurei necessitatibus eu, facilisi postulant vel no. Ad mea commune disputando, cu vel choro exerci. Pri et oratio iisque atomorum, enim detracto mei ne, id eos soleat iudicabit. Ne reque reformidans mei, rebum delicata consequuntur an sit. Sea ad audire utamur. Ut mei ridens minimum intellegat, perpetua euripidis te qui, ad consul intellegebat comprehensam eum.</p>\r\n\r\n<p>Ex vix alienum sadipscing, quod melius philosophia id has. Ad qui quem reprimique, quo possit detracto reprimique no, sint reque officiis ei per. Ea regione commune volutpat pro, fabulas facilis omnesque mei ne. Cu unum detracto comprehensam sea, ad vim ancillae principes, ex usu fugit consulatu. Vis te purto equidem voluptatum.</p>\r\n\r\n<p>Detracto contentiones te est, brute ipsum consul an vis. Mea ei regione blandit ullamcorper, definiebas constituam vix ei. At his ludus nonumes gloriatur. Ne vim tamquam nonumes.</p>\r\n', '<p>Lorem ipsum dolor sit amet, an labores explicari qui, eu nostrum copiosae argumentum has. Latine propriae quo no, unum ridens expetenda id sit, at usu eius eligendi singulis. Sea ocurreret principes ne. At nonumy aperiri pri, nam quodsi copiosae intellegebat et, ex deserunt euripidis usu. Per ad ullum lobortis.</p>\r\n', '', '', '', 1, 0, 1, 14);
INSERT INTO `tbl_product` (`p_id`, `p_name`, `p_old_price`, `p_current_price`, `p_qty`, `p_featured_photo`, `p_description`, `p_short_description`, `p_feature`, `p_condition`, `p_return_policy`, `p_total_view`, `p_is_featured`, `p_is_active`, `ecat_id`) VALUES
(72, 'Colorant Red Wool Blazer For Women', '', '32', 34, 'product-featured-72.jpg', '<p>Lorem ipsum dolor sit amet, an labores explicari qui, eu nostrum copiosae argumentum has. Latine propriae quo no, unum ridens expetenda id sit, at usu eius eligendi singulis. Sea ocurreret principes ne. At nonumy aperiri pri, nam quodsi copiosae intellegebat et, ex deserunt euripidis usu. Per ad ullum lobortis. Duo volutpat imperdiet ut, postea salutatus imperdiet ut per, ad utinam debitis invenire has.</p>\r\n\r\n<p>Liber utroque vim an, ne his brute vivendo, est fabulas consetetur appellantur an. In dolore legendos quo, ne ferri noluisse sed. Tantas eligendi at ius. Purto ipsum nemore sit ad.</p>\r\n\r\n<p>Vix tale noluisse voluptua ad, ne brute altera democritum cum. Omnes ornatus qui et, te aeterno discere ocurreret sea. Tollit cetero cu usu, etiam evertitur id nec. Id pro unum pertinax oportere, vel ad ridens mollis. Ad ius meis suavitate voluptaria.</p>\r\n\r\n<p>Mei ut errem legimus periculis, eos liber epicurei necessitatibus eu, facilisi postulant vel no. Ad mea commune disputando, cu vel choro exerci. Pri et oratio iisque atomorum, enim detracto mei ne, id eos soleat iudicabit. Ne reque reformidans mei, rebum delicata consequuntur an sit. Sea ad audire utamur. Ut mei ridens minimum intellegat, perpetua euripidis te qui, ad consul intellegebat comprehensam eum.</p>\r\n\r\n<p>Ex vix alienum sadipscing, quod melius philosophia id has. Ad qui quem reprimique, quo possit detracto reprimique no, sint reque officiis ei per. Ea regione commune volutpat pro, fabulas facilis omnesque mei ne. Cu unum detracto comprehensam sea, ad vim ancillae principes, ex usu fugit consulatu. Vis te purto equidem voluptatum.</p>\r\n\r\n<p>Detracto contentiones te est, brute ipsum consul an vis. Mea ei regione blandit ullamcorper, definiebas constituam vix ei. At his ludus nonumes gloriatur. Ne vim tamquam nonumes.</p>\r\n', '<p>Lorem ipsum dolor sit amet, an labores explicari qui, eu nostrum copiosae argumentum has. Latine propriae quo no, unum ridens expetenda id sit, at usu eius eligendi singulis. Sea ocurreret principes ne. At nonumy aperiri pri, nam quodsi copiosae intellegebat et, ex deserunt euripidis usu. Per ad ullum lobortis.</p>\r\n', '', '', '', 2, 0, 1, 15),
(73, 'White Synthetic Jacket for Women', '', '29', 34, 'product-featured-73.jpg', '<p>Lorem ipsum dolor sit amet, an labores explicari qui, eu nostrum copiosae argumentum has. Latine propriae quo no, unum ridens expetenda id sit, at usu eius eligendi singulis. Sea ocurreret principes ne. At nonumy aperiri pri, nam quodsi copiosae intellegebat et, ex deserunt euripidis usu. Per ad ullum lobortis. Duo volutpat imperdiet ut, postea salutatus imperdiet ut per, ad utinam debitis invenire has.</p>\r\n\r\n<p>Liber utroque vim an, ne his brute vivendo, est fabulas consetetur appellantur an. In dolore legendos quo, ne ferri noluisse sed. Tantas eligendi at ius. Purto ipsum nemore sit ad.</p>\r\n\r\n<p>Vix tale noluisse voluptua ad, ne brute altera democritum cum. Omnes ornatus qui et, te aeterno discere ocurreret sea. Tollit cetero cu usu, etiam evertitur id nec. Id pro unum pertinax oportere, vel ad ridens mollis. Ad ius meis suavitate voluptaria.</p>\r\n\r\n<p>Mei ut errem legimus periculis, eos liber epicurei necessitatibus eu, facilisi postulant vel no. Ad mea commune disputando, cu vel choro exerci. Pri et oratio iisque atomorum, enim detracto mei ne, id eos soleat iudicabit. Ne reque reformidans mei, rebum delicata consequuntur an sit. Sea ad audire utamur. Ut mei ridens minimum intellegat, perpetua euripidis te qui, ad consul intellegebat comprehensam eum.</p>\r\n\r\n<p>Ex vix alienum sadipscing, quod melius philosophia id has. Ad qui quem reprimique, quo possit detracto reprimique no, sint reque officiis ei per. Ea regione commune volutpat pro, fabulas facilis omnesque mei ne. Cu unum detracto comprehensam sea, ad vim ancillae principes, ex usu fugit consulatu. Vis te purto equidem voluptatum.</p>\r\n\r\n<p>Detracto contentiones te est, brute ipsum consul an vis. Mea ei regione blandit ullamcorper, definiebas constituam vix ei. At his ludus nonumes gloriatur. Ne vim tamquam nonumes.</p>\r\n', '<p>Lorem ipsum dolor sit amet, an labores explicari qui, eu nostrum copiosae argumentum has. Latine propriae quo no, unum ridens expetenda id sit, at usu eius eligendi singulis. Sea ocurreret principes ne. At nonumy aperiri pri, nam quodsi copiosae intellegebat et, ex deserunt euripidis usu. Per ad ullum lobortis.</p>\r\n', '', '', '', 0, 0, 1, 15),
(74, 'Pink Polyester Long Sleeve Jacket', '', '28', 34, 'product-featured-74.jpg', '<p>Lorem ipsum dolor sit amet, an labores explicari qui, eu nostrum copiosae argumentum has. Latine propriae quo no, unum ridens expetenda id sit, at usu eius eligendi singulis. Sea ocurreret principes ne. At nonumy aperiri pri, nam quodsi copiosae intellegebat et, ex deserunt euripidis usu. Per ad ullum lobortis. Duo volutpat imperdiet ut, postea salutatus imperdiet ut per, ad utinam debitis invenire has.</p>\r\n\r\n<p>Liber utroque vim an, ne his brute vivendo, est fabulas consetetur appellantur an. In dolore legendos quo, ne ferri noluisse sed. Tantas eligendi at ius. Purto ipsum nemore sit ad.</p>\r\n\r\n<p>Vix tale noluisse voluptua ad, ne brute altera democritum cum. Omnes ornatus qui et, te aeterno discere ocurreret sea. Tollit cetero cu usu, etiam evertitur id nec. Id pro unum pertinax oportere, vel ad ridens mollis. Ad ius meis suavitate voluptaria.</p>\r\n\r\n<p>Mei ut errem legimus periculis, eos liber epicurei necessitatibus eu, facilisi postulant vel no. Ad mea commune disputando, cu vel choro exerci. Pri et oratio iisque atomorum, enim detracto mei ne, id eos soleat iudicabit. Ne reque reformidans mei, rebum delicata consequuntur an sit. Sea ad audire utamur. Ut mei ridens minimum intellegat, perpetua euripidis te qui, ad consul intellegebat comprehensam eum.</p>\r\n\r\n<p>Ex vix alienum sadipscing, quod melius philosophia id has. Ad qui quem reprimique, quo possit detracto reprimique no, sint reque officiis ei per. Ea regione commune volutpat pro, fabulas facilis omnesque mei ne. Cu unum detracto comprehensam sea, ad vim ancillae principes, ex usu fugit consulatu. Vis te purto equidem voluptatum.</p>\r\n\r\n<p>Detracto contentiones te est, brute ipsum consul an vis. Mea ei regione blandit ullamcorper, definiebas constituam vix ei. At his ludus nonumes gloriatur. Ne vim tamquam nonumes.</p>\r\n', '<p>Lorem ipsum dolor sit amet, an labores explicari qui, eu nostrum copiosae argumentum has. Latine propriae quo no, unum ridens expetenda id sit, at usu eius eligendi singulis. Sea ocurreret principes ne. At nonumy aperiri pri, nam quodsi copiosae intellegebat et, ex deserunt euripidis usu. Per ad ullum lobortis.</p>\r\n', '', '', '', 0, 0, 1, 15);

-- --------------------------------------------------------

--
-- Table structure for table `tbl_product_color`
--

CREATE TABLE `tbl_product_color` (
  `id` int(11) NOT NULL,
  `color_id` int(11) NOT NULL,
  `p_id` int(11) NOT NULL
) ENGINE=InnoDB DEFAULT CHARSET=utf8 COLLATE=utf8_unicode_ci;

--
-- Dumping data for table `tbl_product_color`
--

INSERT INTO `tbl_product_color` (`id`, `color_id`, `p_id`) VALUES
(69, 1, 4),
(70, 4, 4),
(74, 1, 1),
(75, 4, 1),
(76, 6, 1),
(77, 6, 6),
(82, 2, 12),
(83, 9, 13),
(84, 3, 14),
(85, 2, 15),
(86, 6, 15),
(87, 3, 16),
(88, 3, 17),
(89, 2, 18),
(90, 3, 19),
(91, 1, 20),
(92, 8, 21),
(93, 2, 22),
(94, 2, 23),
(95, 2, 25),
(96, 5, 26),
(97, 2, 27),
(98, 4, 27),
(99, 5, 28),
(100, 7, 29),
(101, 10, 30),
(102, 11, 31),
(103, 14, 32),
(104, 15, 33),
(105, 2, 34),
(106, 1, 35),
(107, 3, 36),
(108, 6, 37),
(109, 6, 38),
(110, 2, 39),
(111, 11, 42),
(112, 16, 43),
(113, 16, 44),
(114, 8, 45),
(115, 8, 46),
(116, 2, 47),
(117, 3, 48),
(118, 3, 49),
(119, 2, 50),
(120, 3, 51),
(121, 2, 52),
(122, 3, 53),
(123, 18, 54),
(124, 3, 55),
(125, 3, 56),
(126, 2, 57),
(127, 6, 57),
(128, 2, 58),
(129, 17, 59),
(130, 1, 60),
(131, 2, 60),
(132, 2, 61),
(133, 6, 62),
(134, 2, 63),
(135, 1, 64),
(136, 1, 65),
(137, 8, 65),
(138, 16, 66),
(139, 16, 67),
(140, 10, 68),
(141, 3, 69),
(142, 17, 70),
(143, 10, 71),
(144, 1, 72),
(145, 2, 73),
(146, 6, 73),
(147, 6, 74),
(148, 10, 74),
(149, 3, 10),
(150, 6, 9),
(151, 3, 8),
(152, 7, 7);

-- --------------------------------------------------------

--
-- Table structure for table `tbl_product_photo`
--

CREATE TABLE `tbl_product_photo` (
  `pp_id` int(11) NOT NULL,
  `photo` varchar(255) COLLATE utf8_unicode_ci NOT NULL,
  `p_id` int(11) NOT NULL
) ENGINE=InnoDB DEFAULT CHARSET=utf8 COLLATE=utf8_unicode_ci;

--
-- Dumping data for table `tbl_product_photo`
--

INSERT INTO `tbl_product_photo` (`pp_id`, `photo`, `p_id`) VALUES
(8, '8.jpg', 4),
(11, '11.png', 1),
(12, '12.jpg', 1),
(13, '13.jpg', 8),
(14, '14.jpg', 8),
(15, '15.jpg', 9),
(16, '16.jpg', 16),
(17, '17.jpg', 16),
(18, '18.jpg', 16),
(19, '19.jpg', 16),
(20, '20.jpg', 17),
(21, '21.jpg', 17),
(22, '22.jpg', 17),
(23, '23.jpg', 18),
(24, '24.jpg', 18),
(25, '25.jpg', 18),
(26, '26.jpg', 18),
(27, '27.jpg', 19),
(28, '28.jpg', 19),
(29, '29.jpg', 19),
(30, '30.jpg', 20),
(31, '31.jpg', 20),
(32, '32.jpg', 21),
(33, '33.jpg', 21),
(34, '34.jpg', 22),
(35, '35.jpg', 22),
(36, '36.jpg', 23),
(37, '37.jpg', 23),
(38, '38.jpg', 24),
(39, '39.jpg', 24),
(40, '40.jpg', 25),
(41, '41.jpg', 25),
(42, '42.jpg', 26),
(43, '43.jpg', 26),
(44, '44.jpg', 27),
(45, '45.jpg', 27),
(46, '46.jpg', 28),
(47, '47.jpg', 28),
(48, '48.jpg', 29),
(49, '49.jpg', 29),
(50, '50.jpg', 31),
(51, '51.jpg', 31),
(52, '52.jpg', 32),
(53, '53.jpg', 32),
(54, '54.jpg', 33),
(55, '55.jpg', 33),
(56, '56.jpg', 34),
(57, '57.jpg', 35),
(58, '58.jpg', 37),
(59, '59.jpg', 38),
(60, '60.jpg', 38),
(61, '61.jpg', 42),
(62, '62.jpg', 42),
(63, '63.jpg', 42),
(64, '64.jpg', 44),
(65, '65.jpg', 44),
(66, '66.jpg', 46),
(67, '67.jpg', 47),
(68, '68.jpg', 48),
(69, '69.jpg', 50),
(70, '70.jpg', 51),
(71, '71.jpg', 51),
(72, '72.jpg', 53),
(73, '73.jpg', 53),
(74, '74.jpg', 53),
(75, '75.jpg', 55),
(76, '76.jpg', 55),
(77, '77.jpg', 60),
(78, '78.jpg', 62),
(79, '79.jpg', 63),
(80, '80.jpg', 63),
(81, '81.jpg', 63),
(82, '82.jpg', 63),
(83, '83.jpg', 64),
(84, '84.jpg', 64),
(85, '85.jpg', 64),
(86, '86.jpg', 65),
(87, '87.jpg', 65),
(88, '88.jpg', 65),
(89, '89.jpg', 66),
(90, '90.jpg', 66),
(91, '91.jpg', 66),
(92, '92.jpg', 66),
(93, '93.jpg', 67),
(94, '94.jpg', 67),
(95, '95.jpg', 68),
(96, '96.jpg', 68),
(97, '97.jpg', 68),
(98, '98.jpg', 72),
(99, '99.jpg', 72),
(100, '100.jpg', 73),
(101, '101.jpg', 73),
(102, '102.jpg', 74);

-- --------------------------------------------------------

--
-- Table structure for table `tbl_product_size`
--

CREATE TABLE `tbl_product_size` (
  `id` int(11) NOT NULL,
  `size_id` int(11) NOT NULL,
  `p_id` int(11) NOT NULL
) ENGINE=InnoDB DEFAULT CHARSET=utf8 COLLATE=utf8_unicode_ci;

--
-- Dumping data for table `tbl_product_size`
--

INSERT INTO `tbl_product_size` (`id`, `size_id`, `p_id`) VALUES
(41, 2, 1),
(42, 5, 1),
(43, 6, 1),
(44, 1, 6),
(56, 8, 12),
(57, 9, 12),
(58, 10, 12),
(59, 11, 12),
(60, 12, 12),
(61, 13, 12),
(62, 9, 13),
(63, 11, 13),
(64, 13, 13),
(65, 15, 13),
(66, 9, 14),
(67, 11, 14),
(68, 12, 14),
(69, 13, 14),
(70, 9, 15),
(71, 11, 15),
(72, 13, 15),
(73, 15, 16),
(74, 16, 16),
(75, 17, 16),
(76, 16, 17),
(77, 17, 17),
(78, 14, 18),
(79, 15, 18),
(80, 16, 18),
(81, 17, 18),
(82, 15, 19),
(83, 16, 19),
(84, 17, 19),
(85, 14, 20),
(86, 15, 20),
(87, 17, 20),
(88, 15, 21),
(89, 17, 21),
(90, 15, 22),
(91, 16, 22),
(92, 17, 22),
(93, 15, 23),
(94, 16, 23),
(95, 17, 23),
(96, 18, 25),
(97, 19, 25),
(98, 20, 25),
(99, 21, 25),
(100, 19, 26),
(101, 21, 26),
(102, 22, 26),
(103, 23, 26),
(104, 19, 27),
(105, 20, 27),
(106, 21, 27),
(107, 22, 27),
(108, 19, 28),
(109, 20, 28),
(110, 21, 28),
(111, 19, 29),
(112, 20, 29),
(113, 22, 29),
(114, 1, 30),
(115, 2, 30),
(116, 3, 30),
(117, 4, 30),
(118, 23, 31),
(119, 26, 32),
(120, 15, 33),
(121, 17, 33),
(122, 19, 33),
(123, 2, 34),
(124, 2, 35),
(125, 2, 36),
(126, 3, 36),
(127, 2, 37),
(128, 3, 37),
(129, 2, 38),
(130, 3, 38),
(131, 4, 38),
(132, 5, 38),
(133, 27, 39),
(134, 8, 42),
(135, 28, 43),
(136, 28, 44),
(137, 2, 45),
(138, 5, 45),
(139, 17, 46),
(140, 19, 46),
(141, 4, 47),
(142, 4, 48),
(143, 3, 49),
(144, 3, 50),
(145, 4, 50),
(146, 5, 51),
(147, 5, 52),
(148, 9, 53),
(149, 11, 53),
(150, 13, 53),
(151, 10, 54),
(152, 11, 54),
(153, 12, 54),
(154, 13, 54),
(155, 14, 54),
(156, 15, 54),
(157, 8, 55),
(158, 9, 55),
(159, 10, 55),
(160, 11, 55),
(161, 12, 55),
(162, 9, 56),
(163, 11, 56),
(164, 13, 56),
(165, 26, 57),
(166, 26, 58),
(167, 26, 59),
(168, 26, 60),
(169, 26, 61),
(170, 26, 62),
(171, 12, 63),
(172, 13, 63),
(173, 14, 63),
(174, 15, 63),
(175, 10, 64),
(176, 11, 64),
(177, 12, 64),
(178, 13, 64),
(179, 14, 64),
(180, 10, 65),
(181, 11, 65),
(182, 12, 65),
(183, 12, 66),
(184, 13, 66),
(185, 14, 66),
(186, 15, 66),
(187, 13, 67),
(188, 14, 67),
(189, 15, 67),
(190, 10, 68),
(191, 11, 68),
(192, 12, 68),
(193, 3, 69),
(194, 4, 69),
(195, 5, 69),
(196, 6, 69),
(197, 3, 70),
(198, 4, 70),
(199, 5, 70),
(200, 6, 70),
(201, 3, 71),
(202, 4, 71),
(203, 5, 71),
(204, 6, 71),
(205, 27, 72),
(206, 3, 73),
(207, 4, 73),
(208, 3, 74),
(209, 4, 74),
(210, 3, 10),
(211, 4, 10),
(212, 5, 10),
(213, 6, 10),
(214, 3, 9),
(215, 4, 9),
(216, 3, 8),
(217, 4, 8),
(218, 2, 7),
(219, 3, 7),
(220, 4, 7);

-- --------------------------------------------------------

--
-- Table structure for table `tbl_rating`
--

CREATE TABLE `tbl_rating` (
  `rt_id` int(11) NOT NULL,
  `p_id` int(11) NOT NULL,
  `cust_id` int(11) NOT NULL,
  `comment` mediumtext COLLATE utf8_unicode_ci NOT NULL,
  `rating` int(11) NOT NULL
) ENGINE=InnoDB DEFAULT CHARSET=utf8 COLLATE=utf8_unicode_ci;

--
-- Dumping data for table `tbl_rating`
--

INSERT INTO `tbl_rating` (`rt_id`, `p_id`, `cust_id`, `comment`, `rating`) VALUES
(2, 1, 1, 'Nice and awesome product', 5),
(4, 4, 2, 'Not so good', 3),
(5, 31, 1, 'Very Nice', 5),
(19, 7, 1, '', 5);

-- --------------------------------------------------------

--
-- Table structure for table `tbl_service`
--

CREATE TABLE `tbl_service` (
  `id` int(11) NOT NULL,
  `title` varchar(255) COLLATE utf8_unicode_ci NOT NULL,
  `content` mediumtext COLLATE utf8_unicode_ci NOT NULL,
  `photo` varchar(255) COLLATE utf8_unicode_ci NOT NULL
) ENGINE=InnoDB DEFAULT CHARSET=utf8 COLLATE=utf8_unicode_ci;

--
-- Dumping data for table `tbl_service`
--

INSERT INTO `tbl_service` (`id`, `title`, `content`, `photo`) VALUES
(5, 'Easy Returns', 'Ex vix alienum sadipscing, quod melius philosophia id has. Ad qui quem reprimique, quo possit detracto reprimique no.', 'service-5.jpg'),
(6, 'Free Shipping', 'Ex vix alienum sadipscing, quod melius philosophia id has. Ad qui quem reprimique, quo possit detracto reprimique no.', 'service-6.jpg'),
(7, 'Quality Products', 'Ex vix alienum sadipscing, quod melius philosophia id has. Ad qui quem reprimique, quo possit detracto reprimique no.', 'service-7.jpg');

-- --------------------------------------------------------

--
-- Table structure for table `tbl_setting_advertisement`
--

CREATE TABLE `tbl_setting_advertisement` (
  `id` int(11) NOT NULL,
  `ads_above_welcome_on_off` int(1) NOT NULL,
  `ads_above_featured_product_on_off` int(1) NOT NULL,
  `ads_above_latest_product_on_off` int(1) NOT NULL,
  `ads_above_popular_product_on_off` int(1) NOT NULL,
  `ads_above_testimonial_on_off` int(1) NOT NULL,
  `ads_category_sidebar_on_off` int(1) NOT NULL
) ENGINE=InnoDB DEFAULT CHARSET=utf8 COLLATE=utf8_unicode_ci;

--
-- Dumping data for table `tbl_setting_advertisement`
--

INSERT INTO `tbl_setting_advertisement` (`id`, `ads_above_welcome_on_off`, `ads_above_featured_product_on_off`, `ads_above_latest_product_on_off`, `ads_above_popular_product_on_off`, `ads_above_testimonial_on_off`, `ads_category_sidebar_on_off`) VALUES
(1, 1, 1, 1, 1, 1, 1);

-- --------------------------------------------------------

--
-- Table structure for table `tbl_setting_banner`
--

CREATE TABLE `tbl_setting_banner` (
  `id` int(11) NOT NULL,
  `banner_login` varchar(255) COLLATE utf8_unicode_ci NOT NULL,
  `banner_registration` varchar(255) COLLATE utf8_unicode_ci NOT NULL,
  `banner_forget_password` varchar(255) COLLATE utf8_unicode_ci NOT NULL,
  `banner_reset_password` varchar(255) COLLATE utf8_unicode_ci NOT NULL,
  `banner_search` varchar(255) COLLATE utf8_unicode_ci NOT NULL,
  `banner_cart` varchar(255) COLLATE utf8_unicode_ci NOT NULL,
  `banner_checkout` varchar(255) COLLATE utf8_unicode_ci NOT NULL,
  `banner_product_category` varchar(255) COLLATE utf8_unicode_ci NOT NULL,
  `banner_blog` varchar(255) COLLATE utf8_unicode_ci NOT NULL
) ENGINE=InnoDB DEFAULT CHARSET=utf8 COLLATE=utf8_unicode_ci;

--
-- Dumping data for table `tbl_setting_banner`
--

INSERT INTO `tbl_setting_banner` (`id`, `banner_login`, `banner_registration`, `banner_forget_password`, `banner_reset_password`, `banner_search`, `banner_cart`, `banner_checkout`, `banner_product_category`, `banner_blog`) VALUES
(1, 'banner_login.jpg', 'banner_registration.jpg', 'banner_forget_password.jpg', 'banner_reset_password.jpg', 'banner_search.jpg', 'banner_cart.jpg', 'banner_checkout.jpg', 'banner_product_category.jpg', 'banner_blog.jpg');

-- --------------------------------------------------------

--
-- Table structure for table `tbl_setting_color`
--

CREATE TABLE `tbl_setting_color` (
  `id` int(11) NOT NULL,
  `color` varchar(10) COLLATE utf8_unicode_ci NOT NULL
) ENGINE=InnoDB DEFAULT CHARSET=utf8 COLLATE=utf8_unicode_ci;

--
-- Dumping data for table `tbl_setting_color`
--

INSERT INTO `tbl_setting_color` (`id`, `color`) VALUES
(1, 'E4144D');

-- --------------------------------------------------------

--
-- Table structure for table `tbl_setting_contact`
--

CREATE TABLE `tbl_setting_contact` (
  `id` int(11) NOT NULL,
  `contact_address` mediumtext COLLATE utf8_unicode_ci NOT NULL,
  `contact_email` varchar(255) COLLATE utf8_unicode_ci NOT NULL,
  `contact_phone` varchar(255) COLLATE utf8_unicode_ci NOT NULL,
  `contact_map_iframe` mediumtext COLLATE utf8_unicode_ci NOT NULL
) ENGINE=InnoDB DEFAULT CHARSET=utf8 COLLATE=utf8_unicode_ci;

--
-- Dumping data for table `tbl_setting_contact`
--

INSERT INTO `tbl_setting_contact` (`id`, `contact_address`, `contact_email`, `contact_phone`, `contact_map_iframe`) VALUES
(1, 'ABC Steet, NewYork.', 'info@yourwebsite.com', '123-456-7878', '<iframe src=\"https://www.google.com/maps/embed?pb=!1m18!1m12!1m3!1d387142.84040262736!2d-74.25819605476612!3d40.70583158628177!2m3!1f0!2f0!3f0!3m2!1i1024!2i768!4f13.1!3m3!1m2!1s0x89c24fa5d33f083b%3A0xc80b8f06e177fe62!2sNew+York%2C+NY%2C+USA!5e0!3m2!1sen!2sbd!4v1485712851643\" width=\"600\" height=\"450\" frameborder=\"0\" style=\"border:0\" allowfullscreen></iframe>');

-- --------------------------------------------------------

--
-- Table structure for table `tbl_setting_currency`
--

CREATE TABLE `tbl_setting_currency` (
  `id` int(11) NOT NULL,
  `currency_code` varchar(10) COLLATE utf8_unicode_ci NOT NULL,
  `currency_symbol` varchar(10) COLLATE utf8_unicode_ci NOT NULL,
  `currency_position` varchar(20) COLLATE utf8_unicode_ci NOT NULL,
  `currency_value_per_usd` varchar(10) COLLATE utf8_unicode_ci NOT NULL
) ENGINE=InnoDB DEFAULT CHARSET=utf8 COLLATE=utf8_unicode_ci;

--
-- Dumping data for table `tbl_setting_currency`
--

INSERT INTO `tbl_setting_currency` (`id`, `currency_code`, `currency_symbol`, `currency_position`, `currency_value_per_usd`) VALUES
(1, 'USD', '$', 'Before', '1');

-- --------------------------------------------------------

--
-- Table structure for table `tbl_setting_email`
--

CREATE TABLE `tbl_setting_email` (
  `id` int(11) NOT NULL,
  `send_email_from` varchar(255) COLLATE utf8_unicode_ci NOT NULL,
  `receive_email_to` varchar(255) COLLATE utf8_unicode_ci NOT NULL,
  `smtp_active` varchar(5) COLLATE utf8_unicode_ci NOT NULL,
  `smtp_ssl` varchar(5) COLLATE utf8_unicode_ci NOT NULL,
  `smtp_host` varchar(100) COLLATE utf8_unicode_ci NOT NULL,
  `smtp_port` varchar(20) COLLATE utf8_unicode_ci NOT NULL,
  `smtp_username` varchar(100) COLLATE utf8_unicode_ci NOT NULL,
  `smtp_password` varchar(100) COLLATE utf8_unicode_ci NOT NULL,
  `receive_email_subject` varchar(255) COLLATE utf8_unicode_ci NOT NULL,
  `receive_email_thank_you_message` mediumtext COLLATE utf8_unicode_ci NOT NULL,
  `forget_password_message` mediumtext COLLATE utf8_unicode_ci NOT NULL
) ENGINE=InnoDB DEFAULT CHARSET=utf8 COLLATE=utf8_unicode_ci;

--
-- Dumping data for table `tbl_setting_email`
--

INSERT INTO `tbl_setting_email` (`id`, `send_email_from`, `receive_email_to`, `smtp_active`, `smtp_ssl`, `smtp_host`, `smtp_port`, `smtp_username`, `smtp_password`, `receive_email_subject`, `receive_email_thank_you_message`, `forget_password_message`) VALUES
(1, 'contact@yourwebsite.com', 'admin@gmail.com', 'Yes', 'No', 'smtp.mailtrap.io', '587', '1d63d91574de8a', 'ec61d080c569b1', 'Visitor Email Message from Ecommerce Website', 'Thank you for sending the email. We will contact you shortly.', 'A confirmation link is sent to your email address. You will get the password reset information in there.');

-- --------------------------------------------------------

--
-- Table structure for table `tbl_setting_favicon`
--

CREATE TABLE `tbl_setting_favicon` (
  `id` int(11) NOT NULL,
  `favicon` varchar(255) COLLATE utf8_unicode_ci NOT NULL
) ENGINE=InnoDB DEFAULT CHARSET=utf8 COLLATE=utf8_unicode_ci;

--
-- Dumping data for table `tbl_setting_favicon`
--

INSERT INTO `tbl_setting_favicon` (`id`, `favicon`) VALUES
(1, 'favicon.png');

-- --------------------------------------------------------

--
-- Table structure for table `tbl_setting_footer`
--

CREATE TABLE `tbl_setting_footer` (
  `id` int(11) NOT NULL,
  `footer_about` mediumtext COLLATE utf8_unicode_ci NOT NULL,
  `footer_copyright` mediumtext COLLATE utf8_unicode_ci NOT NULL,
  `newsletter_on_off` int(11) NOT NULL
) ENGINE=InnoDB DEFAULT CHARSET=utf8 COLLATE=utf8_unicode_ci;

--
-- Dumping data for table `tbl_setting_footer`
--

INSERT INTO `tbl_setting_footer` (`id`, `footer_about`, `footer_copyright`, `newsletter_on_off`) VALUES
(1, '<p>Lorem ipsum dolor sit amet, omnis signiferumque in mei, mei ex enim concludaturque. Senserit salutandi euripidis no per, modus maiestatis scribentur est an.Ea suas pertinax has.</p>\r\n', 'Copyright 2022. All Rights Reserved.', 1);

-- --------------------------------------------------------

--
-- Table structure for table `tbl_setting_head_body`
--

CREATE TABLE `tbl_setting_head_body` (
  `id` int(11) NOT NULL,
  `before_head` mediumtext COLLATE utf8_unicode_ci NOT NULL,
  `after_body` mediumtext COLLATE utf8_unicode_ci NOT NULL,
  `before_body` mediumtext COLLATE utf8_unicode_ci NOT NULL
) ENGINE=InnoDB DEFAULT CHARSET=utf8 COLLATE=utf8_unicode_ci;

--
-- Dumping data for table `tbl_setting_head_body`
--

INSERT INTO `tbl_setting_head_body` (`id`, `before_head`, `after_body`, `before_body`) VALUES
(1, '<script async src=\"https://www.googletagmanager.com/gtag/js?id=GA_TRACKING_ID\"></script>\r\n<script>\r\n  window.dataLayer = window.dataLayer || [];\r\n  function gtag(){dataLayer.push(arguments);}\r\n  gtag(\'js\', new Date());\r\n\r\n  gtag(\'config\', \'GA_TRACKING_ID\');\r\n</script>', '<div id=\"fb-root\"></div>\r\n<script>(function(d, s, id) {\r\n  var js, fjs = d.getElementsByTagName(s)[0];\r\n  if (d.getElementById(id)) return;\r\n  js = d.createElement(s); js.id = id;\r\n  js.src = \"//connect.facebook.net/en_US/sdk.js#xfbml=1&version=v2.10&appId=323620764400430\";\r\n  fjs.parentNode.insertBefore(js, fjs);\r\n}(document, \'script\', \'facebook-jssdk\'));</script>', '<!--Start of Tawk.to Script-->\r\n<script type=\"text/javascript\">\r\nvar Tawk_API=Tawk_API||{}, Tawk_LoadStart=new Date();\r\n(function(){\r\nvar s1=document.createElement(\"script\"),s0=document.getElementsByTagName(\"script\")[0];\r\ns1.async=true;\r\ns1.src=\'https://embed.tawk.to/5a7c31ded7591465c7077c48/default\';\r\ns1.charset=\'UTF-8\';\r\ns1.setAttribute(\'crossorigin\',\'*\');\r\ns0.parentNode.insertBefore(s1,s0);\r\n})();\r\n</script>\r\n<!--End of Tawk.to Script-->');

-- --------------------------------------------------------

--
-- Table structure for table `tbl_setting_home`
--

CREATE TABLE `tbl_setting_home` (
  `id` int(11) NOT NULL,
  `meta_title_home` mediumtext COLLATE utf8_unicode_ci NOT NULL,
  `meta_keyword_home` mediumtext COLLATE utf8_unicode_ci NOT NULL,
  `meta_description_home` mediumtext COLLATE utf8_unicode_ci NOT NULL,
  `cta_title` varchar(255) COLLATE utf8_unicode_ci NOT NULL,
  `cta_content` mediumtext COLLATE utf8_unicode_ci NOT NULL,
  `cta_read_more_text` varchar(255) COLLATE utf8_unicode_ci NOT NULL,
  `cta_read_more_url` varchar(255) COLLATE utf8_unicode_ci NOT NULL,
  `cta_photo` varchar(255) COLLATE utf8_unicode_ci NOT NULL,
  `featured_product_title` varchar(255) COLLATE utf8_unicode_ci NOT NULL,
  `featured_product_subtitle` varchar(255) COLLATE utf8_unicode_ci NOT NULL,
  `latest_product_title` varchar(255) COLLATE utf8_unicode_ci NOT NULL,
  `latest_product_subtitle` varchar(255) COLLATE utf8_unicode_ci NOT NULL,
  `popular_product_title` varchar(255) COLLATE utf8_unicode_ci NOT NULL,
  `popular_product_subtitle` varchar(255) COLLATE utf8_unicode_ci NOT NULL,
  `testimonial_title` varchar(255) COLLATE utf8_unicode_ci NOT NULL,
  `testimonial_subtitle` varchar(255) COLLATE utf8_unicode_ci NOT NULL,
  `testimonial_photo` varchar(255) COLLATE utf8_unicode_ci NOT NULL,
  `blog_title` varchar(255) COLLATE utf8_unicode_ci NOT NULL,
  `blog_subtitle` varchar(255) COLLATE utf8_unicode_ci NOT NULL,
  `newsletter_text` mediumtext COLLATE utf8_unicode_ci NOT NULL,
  `home_service_on_off` int(11) NOT NULL,
  `home_welcome_on_off` int(11) NOT NULL,
  `home_featured_product_on_off` int(11) NOT NULL,
  `home_latest_product_on_off` int(11) NOT NULL,
  `home_popular_product_on_off` int(11) NOT NULL,
  `home_testimonial_on_off` int(11) NOT NULL,
  `home_blog_on_off` int(11) NOT NULL
) ENGINE=InnoDB DEFAULT CHARSET=utf8 COLLATE=utf8_unicode_ci;

--
-- Dumping data for table `tbl_setting_home`
--

INSERT INTO `tbl_setting_home` (`id`, `meta_title_home`, `meta_keyword_home`, `meta_description_home`, `cta_title`, `cta_content`, `cta_read_more_text`, `cta_read_more_url`, `cta_photo`, `featured_product_title`, `featured_product_subtitle`, `latest_product_title`, `latest_product_subtitle`, `popular_product_title`, `popular_product_subtitle`, `testimonial_title`, `testimonial_subtitle`, `testimonial_photo`, `blog_title`, `blog_subtitle`, `newsletter_text`, `home_service_on_off`, `home_welcome_on_off`, `home_featured_product_on_off`, `home_latest_product_on_off`, `home_popular_product_on_off`, `home_testimonial_on_off`, `home_blog_on_off`) VALUES
(1, 'Ecommerce - Complete Ecommerce PHP Script', 'ecommerce, cart, checkout, payment, paypal, shop, online shopping, online payment, payment gateway, products, shirt, jeans, t-shirt', 'This is a complete solution of an online ecommerce website.', 'Welcome To Our Ecommerce Website', '', 'Read More', '#', 'cta.jpg', 'Featured Products', 'See all our featured products from here', 'Latest Products', 'See all our latest products from here', 'Popular Products', 'See all our popular products from here', 'Testimonials', 'See what our clients tell about us', 'testimonial.jpg', 'Latest Blog', 'See all our latest articles and news from below', 'Lorem ipsum dolor sit amet, consectetur adipisicing elit. Aliquid fugit expedita, iure ullam cum vero ex sint aperiam maxime.', 1, 1, 1, 1, 1, 1, 1);

-- --------------------------------------------------------

--
-- Table structure for table `tbl_setting_logo`
--

CREATE TABLE `tbl_setting_logo` (
  `id` int(11) NOT NULL,
  `logo` varchar(255) COLLATE utf8_unicode_ci NOT NULL
) ENGINE=InnoDB DEFAULT CHARSET=utf8 COLLATE=utf8_unicode_ci;

--
-- Dumping data for table `tbl_setting_logo`
--

INSERT INTO `tbl_setting_logo` (`id`, `logo`) VALUES
(1, 'logo.png');

-- --------------------------------------------------------

--
-- Table structure for table `tbl_setting_payment`
--

CREATE TABLE `tbl_setting_payment` (
  `id` int(11) NOT NULL,
  `paypal_status` varchar(10) COLLATE utf8_unicode_ci NOT NULL,
  `paypal_email` varchar(255) COLLATE utf8_unicode_ci NOT NULL,
  `stripe_status` varchar(10) COLLATE utf8_unicode_ci NOT NULL,
  `stripe_public_key` varchar(255) COLLATE utf8_unicode_ci NOT NULL,
  `stripe_secret_key` varchar(255) COLLATE utf8_unicode_ci NOT NULL,
  `bank_status` varchar(10) COLLATE utf8_unicode_ci NOT NULL,
  `bank_detail` mediumtext COLLATE utf8_unicode_ci NOT NULL,
  `cash_on_delivery_status` varchar(10) COLLATE utf8_unicode_ci NOT NULL
) ENGINE=InnoDB DEFAULT CHARSET=utf8 COLLATE=utf8_unicode_ci;

--
-- Dumping data for table `tbl_setting_payment`
--

INSERT INTO `tbl_setting_payment` (`id`, `paypal_status`, `paypal_email`, `stripe_status`, `stripe_public_key`, `stripe_secret_key`, `bank_status`, `bank_detail`, `cash_on_delivery_status`) VALUES
(1, 'Active', 'xicia_b@shop.com', 'Active', 'pk_test_0SwMWadgu8DwmEcPdUPRsZ7b', 'sk_test_TFcsLJ7xxUtpALbDo1L5c1PN', 'Active', 'Bank Name: ABC Bank\r\nAccount Number: 1222320234444\r\nBranch Name: NY Branch\r\nCountry: USA', 'Active');

-- --------------------------------------------------------

--
-- Table structure for table `tbl_setting_post`
--

CREATE TABLE `tbl_setting_post` (
  `id` int(11) NOT NULL,
  `total_recent_post_footer` int(10) NOT NULL,
  `total_popular_post_footer` int(10) NOT NULL,
  `total_recent_post_sidebar` int(11) NOT NULL,
  `total_popular_post_sidebar` int(11) NOT NULL,
  `total_featured_product_home` int(11) NOT NULL,
  `total_latest_product_home` int(11) NOT NULL,
  `total_popular_product_home` int(11) NOT NULL
) ENGINE=InnoDB DEFAULT CHARSET=utf8 COLLATE=utf8_unicode_ci;

--
-- Dumping data for table `tbl_setting_post`
--

INSERT INTO `tbl_setting_post` (`id`, `total_recent_post_footer`, `total_popular_post_footer`, `total_recent_post_sidebar`, `total_popular_post_sidebar`, `total_featured_product_home`, `total_latest_product_home`, `total_popular_product_home`) VALUES
(1, 4, 4, 5, 5, 10, 10, 10);

-- --------------------------------------------------------

--
-- Table structure for table `tbl_setting_preloader`
--

CREATE TABLE `tbl_setting_preloader` (
  `id` int(11) NOT NULL,
  `preloader_status` text COLLATE utf8_unicode_ci NOT NULL
) ENGINE=InnoDB DEFAULT CHARSET=utf8 COLLATE=utf8_unicode_ci;

--
-- Dumping data for table `tbl_setting_preloader`
--

INSERT INTO `tbl_setting_preloader` (`id`, `preloader_status`) VALUES
(1, 'Off');

-- --------------------------------------------------------

--
-- Table structure for table `tbl_shipping_cost`
--

CREATE TABLE `tbl_shipping_cost` (
  `shipping_cost_id` int(11) NOT NULL,
  `country_id` int(11) NOT NULL,
  `amount` varchar(20) COLLATE utf8_unicode_ci NOT NULL
) ENGINE=InnoDB DEFAULT CHARSET=utf8 COLLATE=utf8_unicode_ci;

--
-- Dumping data for table `tbl_shipping_cost`
--

INSERT INTO `tbl_shipping_cost` (`shipping_cost_id`, `country_id`, `amount`) VALUES
(1, 230, '10'),
(2, 18, '5'),
(3, 13, '8');

-- --------------------------------------------------------

--
-- Table structure for table `tbl_shipping_cost_all`
--

CREATE TABLE `tbl_shipping_cost_all` (
  `sca_id` int(11) NOT NULL,
  `amount` varchar(20) COLLATE utf8_unicode_ci NOT NULL
) ENGINE=InnoDB DEFAULT CHARSET=utf8 COLLATE=utf8_unicode_ci;

--
-- Dumping data for table `tbl_shipping_cost_all`
--

INSERT INTO `tbl_shipping_cost_all` (`sca_id`, `amount`) VALUES
(1, '0');

-- --------------------------------------------------------

--
-- Table structure for table `tbl_size`
--

CREATE TABLE `tbl_size` (
  `size_id` int(11) NOT NULL,
  `size_name` varchar(255) COLLATE utf8_unicode_ci NOT NULL
) ENGINE=InnoDB DEFAULT CHARSET=utf8 COLLATE=utf8_unicode_ci;

--
-- Dumping data for table `tbl_size`
--

INSERT INTO `tbl_size` (`size_id`, `size_name`) VALUES
(1, 'XS'),
(2, 'S'),
(3, 'M'),
(4, 'L'),
(5, 'XL'),
(6, 'XXL'),
(7, '3XL'),
(8, '31'),
(9, '32'),
(10, '33'),
(11, '34'),
(12, '35'),
(13, '36'),
(14, '37'),
(15, '38'),
(16, '39'),
(17, '40'),
(18, '41'),
(19, '42'),
(20, '43'),
(21, '44'),
(22, '45'),
(23, '46'),
(24, '47'),
(25, '48'),
(26, 'Free Size'),
(27, 'One Size for All'),
(28, '10');

-- --------------------------------------------------------

--
-- Table structure for table `tbl_slider`
--

CREATE TABLE `tbl_slider` (
  `id` int(11) NOT NULL,
  `photo` varchar(255) COLLATE utf8_unicode_ci NOT NULL,
  `heading` varchar(255) COLLATE utf8_unicode_ci NOT NULL,
  `content` mediumtext COLLATE utf8_unicode_ci NOT NULL,
  `button_text` varchar(255) COLLATE utf8_unicode_ci NOT NULL,
  `button_url` varchar(255) COLLATE utf8_unicode_ci NOT NULL,
  `position` varchar(255) COLLATE utf8_unicode_ci NOT NULL
) ENGINE=InnoDB DEFAULT CHARSET=utf8 COLLATE=utf8_unicode_ci;

--
-- Dumping data for table `tbl_slider`
--

INSERT INTO `tbl_slider` (`id`, `photo`, `heading`, `content`, `button_text`, `button_url`, `position`) VALUES
(1, 'slider-1.jpg', 'Ecommerce Solutions', 'Lorem ipsum dolor sit amet, an labores explicari qui, eu nostrum copiosae argumentum has.', 'Read More', '#', 'Left'),
(2, 'slider-2.jpg', '50% Discount on All Products', 'Lorem ipsum dolor sit amet, an labores explicari qui, eu nostrum copiosae argumentum has.', 'Read More', '#', 'Center'),
(3, 'slider-3.jpg', '24 Hours Customer Support', 'Lorem ipsum dolor sit amet, an labores explicari qui, eu nostrum copiosae argumentum has.', 'Read More', '#', 'Right');

-- --------------------------------------------------------

--
-- Table structure for table `tbl_social`
--

CREATE TABLE `tbl_social` (
  `social_id` int(11) NOT NULL,
  `social_name` varchar(30) COLLATE utf8_unicode_ci NOT NULL,
  `social_url` varchar(255) COLLATE utf8_unicode_ci NOT NULL,
  `social_icon` varchar(30) COLLATE utf8_unicode_ci NOT NULL
) ENGINE=InnoDB DEFAULT CHARSET=utf8 COLLATE=utf8_unicode_ci;

--
-- Dumping data for table `tbl_social`
--

INSERT INTO `tbl_social` (`social_id`, `social_name`, `social_url`, `social_icon`) VALUES
(1, 'Facebook', '#', 'fa fa-facebook'),
(2, 'Twitter', '#', 'fa fa-twitter'),
(3, 'LinkedIn', '#', 'fa fa-linkedin'),
(4, 'Google Plus', '', 'fa fa-google-plus'),
(5, 'Pinterest', '#', 'fa fa-pinterest'),
(6, 'YouTube', '#', 'fa fa-youtube'),
(7, 'Instagram', '', 'fa fa-instagram'),
(8, 'Tumblr', '', 'fa fa-tumblr'),
(9, 'Flickr', '', 'fa fa-flickr'),
(10, 'Reddit', '', 'fa fa-reddit'),
(11, 'Snapchat', '', 'fa fa-snapchat'),
(12, 'WhatsApp', '', 'fa fa-whatsapp'),
(13, 'Quora', '', 'fa fa-quora'),
(14, 'StumbleUpon', '', 'fa fa-stumbleupon'),
(15, 'Delicious', '', 'fa fa-delicious'),
(16, 'Digg', '', 'fa fa-digg');

-- --------------------------------------------------------

--
-- Table structure for table `tbl_subscriber`
--

CREATE TABLE `tbl_subscriber` (
  `subs_id` int(11) NOT NULL,
  `subs_email` varchar(255) COLLATE utf8_unicode_ci NOT NULL,
  `subs_date` varchar(100) COLLATE utf8_unicode_ci NOT NULL,
  `subs_date_time` varchar(100) COLLATE utf8_unicode_ci NOT NULL,
  `subs_hash` varchar(255) COLLATE utf8_unicode_ci NOT NULL,
  `subs_active` int(11) NOT NULL
) ENGINE=InnoDB DEFAULT CHARSET=utf8 COLLATE=utf8_unicode_ci;

--
-- Dumping data for table `tbl_subscriber`
--

INSERT INTO `tbl_subscriber` (`subs_id`, `subs_email`, `subs_date`, `subs_date_time`, `subs_hash`, `subs_active`) VALUES
(4, 'test1@gmail.com', '2017-08-10', '2017-08-10 07:44:23', '', 1),
(7, 'test2@gmail.com', '2019-10-09', '2019-10-09 10:31:42', '', 1);

-- --------------------------------------------------------

--
-- Table structure for table `tbl_testimonial`
--

CREATE TABLE `tbl_testimonial` (
  `id` int(11) NOT NULL,
  `name` varchar(255) COLLATE utf8_unicode_ci NOT NULL,
  `designation` varchar(255) COLLATE utf8_unicode_ci NOT NULL,
  `company` varchar(255) COLLATE utf8_unicode_ci NOT NULL,
  `photo` varchar(255) COLLATE utf8_unicode_ci NOT NULL,
  `comment` mediumtext COLLATE utf8_unicode_ci NOT NULL
) ENGINE=InnoDB DEFAULT CHARSET=utf8 COLLATE=utf8_unicode_ci;

--
-- Dumping data for table `tbl_testimonial`
--

INSERT INTO `tbl_testimonial` (`id`, `name`, `designation`, `company`, `photo`, `comment`) VALUES
(1, 'John Doe', 'Managing Director', 'ABC Inc.', 'testimonial-1.jpg', 'Mei ut errem legimus periculis, eos liber epicurei necessitatibus eu, facilisi postulant vel no. Ad mea commune disputando, cu vel choro exerci. Pri et oratio iisque atomorum, enim detracto mei ne, id eos soleat iudicabit. Ne reque reformidans mei, rebum delicata consequuntur an sit.'),
(2, 'Dadiv Smith', 'CEO', 'SS Multimedia', 'testimonial-2.jpg', 'Mei ut errem legimus periculis, eos liber epicurei necessitatibus eu, facilisi postulant vel no. Ad mea commune disputando, cu vel choro exerci. Pri et oratio iisque atomorum, enim detracto mei ne, id eos soleat iudicabit. Ne reque reformidans mei, rebum delicata consequuntur an sit.'),
(3, 'Stefen Carman', 'Chairman', 'GH Group', 'testimonial-3.jpg', 'Mei ut errem legimus periculis, eos liber epicurei necessitatibus eu, facilisi postulant vel no. Ad mea commune disputando, cu vel choro exerci. Pri et oratio iisque atomorum, enim detracto mei ne, id eos soleat iudicabit. Ne reque reformidans mei, rebum delicata consequuntur an sit.'),
(4, 'Gary Brent', 'CFO', 'XYZ It Solution', 'testimonial-4.jpg', 'Mei ut errem legimus periculis, eos liber epicurei necessitatibus eu, facilisi postulant vel no. Ad mea commune disputando, cu vel choro exerci. Pri et oratio iisque atomorum, enim detracto mei ne, id eos soleat iudicabit. Ne reque reformidans mei, rebum delicata consequuntur an sit.');

-- --------------------------------------------------------

--
-- Table structure for table `tbl_top_category`
--

CREATE TABLE `tbl_top_category` (
  `tcat_id` int(11) NOT NULL,
  `tcat_name` varchar(255) COLLATE utf8_unicode_ci NOT NULL,
  `show_on_menu` int(1) NOT NULL
) ENGINE=InnoDB DEFAULT CHARSET=utf8 COLLATE=utf8_unicode_ci;

--
-- Dumping data for table `tbl_top_category`
--

INSERT INTO `tbl_top_category` (`tcat_id`, `tcat_name`, `show_on_menu`) VALUES
(1, 'Men', 1),
(2, 'Women', 1);

-- --------------------------------------------------------

--
-- Table structure for table `tbl_user`
--

CREATE TABLE `tbl_user` (
  `id` int(10) NOT NULL,
  `full_name` varchar(100) COLLATE utf8_unicode_ci NOT NULL,
  `email` varchar(255) COLLATE utf8_unicode_ci NOT NULL,
  `phone` varchar(100) COLLATE utf8_unicode_ci NOT NULL,
  `password` varchar(255) COLLATE utf8_unicode_ci NOT NULL,
  `photo` varchar(255) COLLATE utf8_unicode_ci NOT NULL,
  `role` varchar(30) COLLATE utf8_unicode_ci NOT NULL,
  `token` varchar(255) COLLATE utf8_unicode_ci NOT NULL,
  `status` varchar(10) COLLATE utf8_unicode_ci NOT NULL
) ENGINE=InnoDB DEFAULT CHARSET=utf8 COLLATE=utf8_unicode_ci;

--
-- Dumping data for table `tbl_user`
--

INSERT INTO `tbl_user` (`id`, `full_name`, `email`, `phone`, `password`, `photo`, `role`, `token`, `status`) VALUES
(1, 'John Doe', 'sadmin@gmail.com', '0177777777', '81dc9bdb52d04dc20036dbd8313ed055', 'user-1.jpg', 'Super Admin', '', 'Active'),
(13, 'David Smith', 'admin@gmail.com', '', '81dc9bdb52d04dc20036dbd8313ed055', 'user-13.jpg', 'Admin', '', 'Active'),
(14, 'Peter Kanny', 'publisher@gmail.com', '', '81dc9bdb52d04dc20036dbd8313ed055', '', 'Publisher', '', 'Active');

-- --------------------------------------------------------

--
-- Table structure for table `tbl_video`
--

CREATE TABLE `tbl_video` (
  `id` int(11) NOT NULL,
  `title` varchar(255) COLLATE utf8_unicode_ci NOT NULL,
  `iframe_code` mediumtext COLLATE utf8_unicode_ci NOT NULL
) ENGINE=InnoDB DEFAULT CHARSET=utf8 COLLATE=utf8_unicode_ci;

--
-- Dumping data for table `tbl_video`
--

INSERT INTO `tbl_video` (`id`, `title`, `iframe_code`) VALUES
(1, 'Video 1', '<iframe width=\"560\" height=\"315\" src=\"https://www.youtube.com/embed/L3XAFSMdVWU\" frameborder=\"0\" allow=\"autoplay; encrypted-media\" allowfullscreen></iframe>'),
(2, 'Video 2', '<iframe width=\"560\" height=\"315\" src=\"https://www.youtube.com/embed/sinQ06YzbJI\" frameborder=\"0\" allow=\"autoplay; encrypted-media\" allowfullscreen></iframe>'),
(4, 'Video 3', '<iframe width=\"560\" height=\"315\" src=\"https://www.youtube.com/embed/ViZNgU-Yt-Y\" frameborder=\"0\" allow=\"autoplay; encrypted-media\" allowfullscreen></iframe>');

--
-- Indexes for dumped tables
--

--
-- Indexes for table `tbl_advertisement`
--
ALTER TABLE `tbl_advertisement`
  ADD PRIMARY KEY (`adv_id`);

--
-- Indexes for table `tbl_category`
--
ALTER TABLE `tbl_category`
  ADD PRIMARY KEY (`category_id`);

--
-- Indexes for table `tbl_color`
--
ALTER TABLE `tbl_color`
  ADD PRIMARY KEY (`color_id`);

--
-- Indexes for table `tbl_country`
--
ALTER TABLE `tbl_country`
  ADD PRIMARY KEY (`country_id`);

--
-- Indexes for table `tbl_customer`
--
ALTER TABLE `tbl_customer`
  ADD PRIMARY KEY (`cust_id`);

--
-- Indexes for table `tbl_customer_message`
--
ALTER TABLE `tbl_customer_message`
  ADD PRIMARY KEY (`customer_message_id`);

--
-- Indexes for table `tbl_end_category`
--
ALTER TABLE `tbl_end_category`
  ADD PRIMARY KEY (`ecat_id`);

--
-- Indexes for table `tbl_faq`
--
ALTER TABLE `tbl_faq`
  ADD PRIMARY KEY (`faq_id`);

--
-- Indexes for table `tbl_file`
--
ALTER TABLE `tbl_file`
  ADD PRIMARY KEY (`file_id`);

--
-- Indexes for table `tbl_language`
--
ALTER TABLE `tbl_language`
  ADD PRIMARY KEY (`lang_id`);

--
-- Indexes for table `tbl_mid_category`
--
ALTER TABLE `tbl_mid_category`
  ADD PRIMARY KEY (`mcat_id`);

--
-- Indexes for table `tbl_order`
--
ALTER TABLE `tbl_order`
  ADD PRIMARY KEY (`id`);

--
-- Indexes for table `tbl_page`
--
ALTER TABLE `tbl_page`
  ADD PRIMARY KEY (`id`);

--
-- Indexes for table `tbl_payment`
--
ALTER TABLE `tbl_payment`
  ADD PRIMARY KEY (`id`);

--
-- Indexes for table `tbl_photo`
--
ALTER TABLE `tbl_photo`
  ADD PRIMARY KEY (`id`);

--
-- Indexes for table `tbl_post`
--
ALTER TABLE `tbl_post`
  ADD PRIMARY KEY (`post_id`);

--
-- Indexes for table `tbl_product`
--
ALTER TABLE `tbl_product`
  ADD PRIMARY KEY (`p_id`);

--
-- Indexes for table `tbl_product_color`
--
ALTER TABLE `tbl_product_color`
  ADD PRIMARY KEY (`id`);

--
-- Indexes for table `tbl_product_photo`
--
ALTER TABLE `tbl_product_photo`
  ADD PRIMARY KEY (`pp_id`);

--
-- Indexes for table `tbl_product_size`
--
ALTER TABLE `tbl_product_size`
  ADD PRIMARY KEY (`id`);

--
-- Indexes for table `tbl_rating`
--
ALTER TABLE `tbl_rating`
  ADD PRIMARY KEY (`rt_id`);

--
-- Indexes for table `tbl_service`
--
ALTER TABLE `tbl_service`
  ADD PRIMARY KEY (`id`);

--
-- Indexes for table `tbl_setting_advertisement`
--
ALTER TABLE `tbl_setting_advertisement`
  ADD PRIMARY KEY (`id`);

--
-- Indexes for table `tbl_setting_banner`
--
ALTER TABLE `tbl_setting_banner`
  ADD PRIMARY KEY (`id`);

--
-- Indexes for table `tbl_setting_color`
--
ALTER TABLE `tbl_setting_color`
  ADD PRIMARY KEY (`id`);

--
-- Indexes for table `tbl_setting_contact`
--
ALTER TABLE `tbl_setting_contact`
  ADD PRIMARY KEY (`id`);

--
-- Indexes for table `tbl_setting_currency`
--
ALTER TABLE `tbl_setting_currency`
  ADD PRIMARY KEY (`id`);

--
-- Indexes for table `tbl_setting_email`
--
ALTER TABLE `tbl_setting_email`
  ADD PRIMARY KEY (`id`);

--
-- Indexes for table `tbl_setting_favicon`
--
ALTER TABLE `tbl_setting_favicon`
  ADD PRIMARY KEY (`id`);

--
-- Indexes for table `tbl_setting_footer`
--
ALTER TABLE `tbl_setting_footer`
  ADD PRIMARY KEY (`id`);

--
-- Indexes for table `tbl_setting_head_body`
--
ALTER TABLE `tbl_setting_head_body`
  ADD PRIMARY KEY (`id`);

--
-- Indexes for table `tbl_setting_home`
--
ALTER TABLE `tbl_setting_home`
  ADD PRIMARY KEY (`id`);

--
-- Indexes for table `tbl_setting_logo`
--
ALTER TABLE `tbl_setting_logo`
  ADD PRIMARY KEY (`id`);

--
-- Indexes for table `tbl_setting_payment`
--
ALTER TABLE `tbl_setting_payment`
  ADD PRIMARY KEY (`id`);

--
-- Indexes for table `tbl_setting_post`
--
ALTER TABLE `tbl_setting_post`
  ADD PRIMARY KEY (`id`);

--
-- Indexes for table `tbl_setting_preloader`
--
ALTER TABLE `tbl_setting_preloader`
  ADD PRIMARY KEY (`id`);

--
-- Indexes for table `tbl_shipping_cost`
--
ALTER TABLE `tbl_shipping_cost`
  ADD PRIMARY KEY (`shipping_cost_id`);

--
-- Indexes for table `tbl_shipping_cost_all`
--
ALTER TABLE `tbl_shipping_cost_all`
  ADD PRIMARY KEY (`sca_id`);

--
-- Indexes for table `tbl_size`
--
ALTER TABLE `tbl_size`
  ADD PRIMARY KEY (`size_id`);

--
-- Indexes for table `tbl_slider`
--
ALTER TABLE `tbl_slider`
  ADD PRIMARY KEY (`id`);

--
-- Indexes for table `tbl_social`
--
ALTER TABLE `tbl_social`
  ADD PRIMARY KEY (`social_id`);

--
-- Indexes for table `tbl_subscriber`
--
ALTER TABLE `tbl_subscriber`
  ADD PRIMARY KEY (`subs_id`);

--
-- Indexes for table `tbl_testimonial`
--
ALTER TABLE `tbl_testimonial`
  ADD PRIMARY KEY (`id`);

--
-- Indexes for table `tbl_top_category`
--
ALTER TABLE `tbl_top_category`
  ADD PRIMARY KEY (`tcat_id`);

--
-- Indexes for table `tbl_user`
--
ALTER TABLE `tbl_user`
  ADD PRIMARY KEY (`id`);

--
-- Indexes for table `tbl_video`
--
ALTER TABLE `tbl_video`
  ADD PRIMARY KEY (`id`);

--
-- AUTO_INCREMENT for dumped tables
--

--
-- AUTO_INCREMENT for table `tbl_advertisement`
--
ALTER TABLE `tbl_advertisement`
  MODIFY `adv_id` int(11) NOT NULL AUTO_INCREMENT, AUTO_INCREMENT=7;

--
-- AUTO_INCREMENT for table `tbl_category`
--
ALTER TABLE `tbl_category`
  MODIFY `category_id` int(11) NOT NULL AUTO_INCREMENT, AUTO_INCREMENT=5;

--
-- AUTO_INCREMENT for table `tbl_color`
--
ALTER TABLE `tbl_color`
  MODIFY `color_id` int(11) NOT NULL AUTO_INCREMENT, AUTO_INCREMENT=21;

--
-- AUTO_INCREMENT for table `tbl_country`
--
ALTER TABLE `tbl_country`
  MODIFY `country_id` int(11) NOT NULL AUTO_INCREMENT, AUTO_INCREMENT=246;

--
-- AUTO_INCREMENT for table `tbl_customer`
--
ALTER TABLE `tbl_customer`
  MODIFY `cust_id` int(11) NOT NULL AUTO_INCREMENT, AUTO_INCREMENT=10;

--
-- AUTO_INCREMENT for table `tbl_customer_message`
--
ALTER TABLE `tbl_customer_message`
  MODIFY `customer_message_id` int(11) NOT NULL AUTO_INCREMENT;

--
-- AUTO_INCREMENT for table `tbl_end_category`
--
ALTER TABLE `tbl_end_category`
  MODIFY `ecat_id` int(11) NOT NULL AUTO_INCREMENT, AUTO_INCREMENT=20;

--
-- AUTO_INCREMENT for table `tbl_faq`
--
ALTER TABLE `tbl_faq`
  MODIFY `faq_id` int(11) NOT NULL AUTO_INCREMENT, AUTO_INCREMENT=5;

--
-- AUTO_INCREMENT for table `tbl_file`
--
ALTER TABLE `tbl_file`
  MODIFY `file_id` int(11) NOT NULL AUTO_INCREMENT, AUTO_INCREMENT=4;

--
-- AUTO_INCREMENT for table `tbl_language`
--
ALTER TABLE `tbl_language`
  MODIFY `lang_id` int(11) NOT NULL AUTO_INCREMENT, AUTO_INCREMENT=169;

--
-- AUTO_INCREMENT for table `tbl_mid_category`
--
ALTER TABLE `tbl_mid_category`
  MODIFY `mcat_id` int(11) NOT NULL AUTO_INCREMENT, AUTO_INCREMENT=10;

--
-- AUTO_INCREMENT for table `tbl_order`
--
ALTER TABLE `tbl_order`
  MODIFY `id` int(11) NOT NULL AUTO_INCREMENT, AUTO_INCREMENT=10;

--
-- AUTO_INCREMENT for table `tbl_page`
--
ALTER TABLE `tbl_page`
  MODIFY `id` int(11) NOT NULL AUTO_INCREMENT, AUTO_INCREMENT=2;

--
-- AUTO_INCREMENT for table `tbl_payment`
--
ALTER TABLE `tbl_payment`
  MODIFY `id` int(11) NOT NULL AUTO_INCREMENT, AUTO_INCREMENT=9;

--
-- AUTO_INCREMENT for table `tbl_photo`
--
ALTER TABLE `tbl_photo`
  MODIFY `id` int(11) NOT NULL AUTO_INCREMENT, AUTO_INCREMENT=7;

--
-- AUTO_INCREMENT for table `tbl_post`
--
ALTER TABLE `tbl_post`
  MODIFY `post_id` int(11) NOT NULL AUTO_INCREMENT, AUTO_INCREMENT=12;

--
-- AUTO_INCREMENT for table `tbl_product`
--
ALTER TABLE `tbl_product`
  MODIFY `p_id` int(11) NOT NULL AUTO_INCREMENT, AUTO_INCREMENT=75;

--
-- AUTO_INCREMENT for table `tbl_product_color`
--
ALTER TABLE `tbl_product_color`
  MODIFY `id` int(11) NOT NULL AUTO_INCREMENT, AUTO_INCREMENT=153;

--
-- AUTO_INCREMENT for table `tbl_product_photo`
--
ALTER TABLE `tbl_product_photo`
  MODIFY `pp_id` int(11) NOT NULL AUTO_INCREMENT, AUTO_INCREMENT=103;

--
-- AUTO_INCREMENT for table `tbl_product_size`
--
ALTER TABLE `tbl_product_size`
  MODIFY `id` int(11) NOT NULL AUTO_INCREMENT, AUTO_INCREMENT=221;

--
-- AUTO_INCREMENT for table `tbl_rating`
--
ALTER TABLE `tbl_rating`
  MODIFY `rt_id` int(11) NOT NULL AUTO_INCREMENT, AUTO_INCREMENT=20;

--
-- AUTO_INCREMENT for table `tbl_service`
--
ALTER TABLE `tbl_service`
  MODIFY `id` int(11) NOT NULL AUTO_INCREMENT, AUTO_INCREMENT=8;

--
-- AUTO_INCREMENT for table `tbl_setting_advertisement`
--
ALTER TABLE `tbl_setting_advertisement`
  MODIFY `id` int(11) NOT NULL AUTO_INCREMENT, AUTO_INCREMENT=2;

--
-- AUTO_INCREMENT for table `tbl_setting_banner`
--
ALTER TABLE `tbl_setting_banner`
  MODIFY `id` int(11) NOT NULL AUTO_INCREMENT, AUTO_INCREMENT=2;

--
-- AUTO_INCREMENT for table `tbl_setting_color`
--
ALTER TABLE `tbl_setting_color`
  MODIFY `id` int(11) NOT NULL AUTO_INCREMENT, AUTO_INCREMENT=2;

--
-- AUTO_INCREMENT for table `tbl_setting_contact`
--
ALTER TABLE `tbl_setting_contact`
  MODIFY `id` int(11) NOT NULL AUTO_INCREMENT, AUTO_INCREMENT=2;

--
-- AUTO_INCREMENT for table `tbl_setting_currency`
--
ALTER TABLE `tbl_setting_currency`
  MODIFY `id` int(11) NOT NULL AUTO_INCREMENT, AUTO_INCREMENT=2;

--
-- AUTO_INCREMENT for table `tbl_setting_email`
--
ALTER TABLE `tbl_setting_email`
  MODIFY `id` int(11) NOT NULL AUTO_INCREMENT, AUTO_INCREMENT=2;

--
-- AUTO_INCREMENT for table `tbl_setting_favicon`
--
ALTER TABLE `tbl_setting_favicon`
  MODIFY `id` int(11) NOT NULL AUTO_INCREMENT, AUTO_INCREMENT=2;

--
-- AUTO_INCREMENT for table `tbl_setting_footer`
--
ALTER TABLE `tbl_setting_footer`
  MODIFY `id` int(11) NOT NULL AUTO_INCREMENT, AUTO_INCREMENT=2;

--
-- AUTO_INCREMENT for table `tbl_setting_head_body`
--
ALTER TABLE `tbl_setting_head_body`
  MODIFY `id` int(11) NOT NULL AUTO_INCREMENT, AUTO_INCREMENT=2;

--
-- AUTO_INCREMENT for table `tbl_setting_home`
--
ALTER TABLE `tbl_setting_home`
  MODIFY `id` int(11) NOT NULL AUTO_INCREMENT, AUTO_INCREMENT=2;

--
-- AUTO_INCREMENT for table `tbl_setting_logo`
--
ALTER TABLE `tbl_setting_logo`
  MODIFY `id` int(11) NOT NULL AUTO_INCREMENT, AUTO_INCREMENT=2;

--
-- AUTO_INCREMENT for table `tbl_setting_payment`
--
ALTER TABLE `tbl_setting_payment`
  MODIFY `id` int(11) NOT NULL AUTO_INCREMENT, AUTO_INCREMENT=2;

--
-- AUTO_INCREMENT for table `tbl_setting_post`
--
ALTER TABLE `tbl_setting_post`
  MODIFY `id` int(11) NOT NULL AUTO_INCREMENT, AUTO_INCREMENT=2;

--
-- AUTO_INCREMENT for table `tbl_setting_preloader`
--
ALTER TABLE `tbl_setting_preloader`
  MODIFY `id` int(11) NOT NULL AUTO_INCREMENT, AUTO_INCREMENT=2;

--
-- AUTO_INCREMENT for table `tbl_shipping_cost`
--
ALTER TABLE `tbl_shipping_cost`
  MODIFY `shipping_cost_id` int(11) NOT NULL AUTO_INCREMENT, AUTO_INCREMENT=4;

--
-- AUTO_INCREMENT for table `tbl_shipping_cost_all`
--
ALTER TABLE `tbl_shipping_cost_all`
  MODIFY `sca_id` int(11) NOT NULL AUTO_INCREMENT, AUTO_INCREMENT=2;

--
-- AUTO_INCREMENT for table `tbl_size`
--
ALTER TABLE `tbl_size`
  MODIFY `size_id` int(11) NOT NULL AUTO_INCREMENT, AUTO_INCREMENT=29;

--
-- AUTO_INCREMENT for table `tbl_slider`
--
ALTER TABLE `tbl_slider`
  MODIFY `id` int(11) NOT NULL AUTO_INCREMENT, AUTO_INCREMENT=4;

--
-- AUTO_INCREMENT for table `tbl_social`
--
ALTER TABLE `tbl_social`
  MODIFY `social_id` int(11) NOT NULL AUTO_INCREMENT, AUTO_INCREMENT=17;

--
-- AUTO_INCREMENT for table `tbl_subscriber`
--
ALTER TABLE `tbl_subscriber`
  MODIFY `subs_id` int(11) NOT NULL AUTO_INCREMENT, AUTO_INCREMENT=8;

--
-- AUTO_INCREMENT for table `tbl_testimonial`
--
ALTER TABLE `tbl_testimonial`
  MODIFY `id` int(11) NOT NULL AUTO_INCREMENT, AUTO_INCREMENT=5;

--
-- AUTO_INCREMENT for table `tbl_top_category`
--
ALTER TABLE `tbl_top_category`
  MODIFY `tcat_id` int(11) NOT NULL AUTO_INCREMENT, AUTO_INCREMENT=3;

--
-- AUTO_INCREMENT for table `tbl_user`
--
ALTER TABLE `tbl_user`
  MODIFY `id` int(10) NOT NULL AUTO_INCREMENT, AUTO_INCREMENT=15;

--
-- AUTO_INCREMENT for table `tbl_video`
--
ALTER TABLE `tbl_video`
  MODIFY `id` int(11) NOT NULL AUTO_INCREMENT, AUTO_INCREMENT=5;
COMMIT;

/*!40101 SET CHARACTER_SET_CLIENT=@OLD_CHARACTER_SET_CLIENT */;
/*!40101 SET CHARACTER_SET_RESULTS=@OLD_CHARACTER_SET_RESULTS */;
/*!40101 SET COLLATION_CONNECTION=@OLD_COLLATION_CONNECTION */;
